,rouge1,rouge2,rougeL
0,27.272727272727277,14.285714285714285,22.72727272727273
1,18.518518518518515,3.846153846153846,18.518518518518515
2,8.695652173913041,0.0,4.347826086956521
3,11.538461538461538,0.0,7.6923076923076925
4,46.15384615384615,0.0,30.769230769230766
5,9.523809523809524,5.825242718446602,9.523809523809524
6,35.29411764705882,12.5,23.52941176470588
7,5.405405405405405,2.7777777777777777,5.405405405405405
8,18.51851851851852,3.846153846153846,18.51851851851852
9,12.5,0.0,12.5
10,12.903225806451612,3.3333333333333335,9.677419354838708
11,12.698412698412698,0.0,9.523809523809526
12,11.764705882352942,3.03030303030303,8.823529411764707
13,18.75,6.666666666666667,12.5
14,9.929078014184398,4.316546762589928,9.929078014184398
15,14.545454545454545,0.0,14.545454545454545
16,25.454545454545453,0.0,14.545454545454545
17,6.666666666666668,0.0,6.666666666666668
18,6.896551724137931,0.0,4.597701149425287
19,7.6923076923076925,0.0,7.6923076923076925
20,18.42105263157895,5.405405405405405,15.789473684210526
21,5.714285714285714,0.0,5.714285714285714
22,17.910447761194032,3.0769230769230766,11.940298507462686
23,3.7037037037037033,0.0,3.7037037037037033
24,2.923976608187135,1.7647058823529411,2.923976608187135
25,16.0,0.0,8.0
26,8.51063829787234,0.0,8.51063829787234
27,30.769230769230766,0.0,15.384615384615383
28,9.523809523809524,0.0,9.523809523809524
29,22.22222222222222,0.0,14.814814814814817
30,11.11111111111111,0.0,11.11111111111111
31,25.0,0.0,25.0
32,7.228915662650602,0.0,4.8192771084337345
33,2.770083102493075,0.0,2.770083102493075
34,10.0,3.4482758620689653,6.666666666666667
35,7.142857142857144,0.0,7.142857142857144
36,31.57894736842105,0.0,21.05263157894737
37,5.825242718446602,0.0,3.8834951456310685
38,14.705882352941178,3.0303030303030303,14.705882352941178
39,8.108108108108107,0.0,5.405405405405405
40,29.629629629629626,11.538461538461538,14.814814814814813
41,10.884353741496598,1.3793103448275863,8.16326530612245
42,17.20430107526882,1.0869565217391304,11.827956989247312
43,8.791208791208792,6.741573033707865,8.791208791208792
44,0.0,0.0,0.0
45,19.047619047619047,3.8834951456310676,15.238095238095237
46,3.389830508474576,0.0,3.389830508474576
47,14.814814814814817,0.0,11.11111111111111
48,5.633802816901408,0.0,5.633802816901408
49,5.88235294117647,0.0,5.88235294117647
50,43.90243902439025,30.769230769230766,39.02439024390244
51,27.45098039215686,8.16326530612245,23.52941176470588
52,0.0,0.0,0.0
53,25.225225225225223,1.834862385321101,18.01801801801802
54,13.793103448275865,7.4074074074074066,13.793103448275865
55,23.376623376623375,8.0,12.987012987012985
56,27.27272727272727,0.0,27.27272727272727
57,13.333333333333334,0.0,13.333333333333334
58,0.0,0.0,0.0
59,25.454545454545457,7.547169811320755,14.545454545454545
60,17.39130434782609,0.0,13.043478260869565
61,15.094339622641506,9.615384615384617,11.320754716981133
62,2.9197080291970807,1.4814814814814814,2.9197080291970807
63,28.571428571428577,3.278688524590164,15.873015873015872
64,7.894736842105264,1.3333333333333333,5.263157894736842
65,7.092198581560282,2.877697841726619,7.092198581560282
66,27.160493827160494,5.063291139240507,17.28395061728395
67,30.555555555555557,5.714285714285714,25.000000000000007
68,9.6,6.504065040650407,9.6
69,9.708737864077671,1.9801980198019802,9.708737864077671
70,28.125,16.129032258064516,21.875
71,15.686274509803924,4.081632653061225,15.686274509803924
72,14.285714285714285,5.882352941176471,8.57142857142857
73,12.5,3.225806451612903,6.25
74,11.428571428571429,0.0,11.428571428571429
75,16.417910447761194,3.0303030303030307,10.44776119402985
76,15.384615384615385,0.0,15.384615384615385
77,40.00000000000001,8.333333333333332,36.0
78,7.4074074074074066,0.0,7.4074074074074066
79,11.11111111111111,0.0,7.4074074074074066
80,28.57142857142857,10.526315789473683,28.57142857142857
81,16.666666666666668,5.660377358490566,14.814814814814813
82,19.51219512195122,10.256410256410257,19.51219512195122
83,7.142857142857142,0.0,7.142857142857142
84,29.166666666666664,17.391304347826086,29.166666666666664
85,36.8421052631579,16.666666666666668,21.052631578947366
86,14.285714285714285,7.3170731707317085,9.523809523809526
87,18.749999999999996,0.0,18.749999999999996
88,12.76595744680851,4.316546762589928,11.347517730496454
89,16.666666666666664,6.896551724137931,13.333333333333334
90,50.0,28.57142857142857,50.0
91,11.76470588235294,6.0,11.76470588235294
92,15.053763440860212,6.593406593406594,12.903225806451612
93,22.222222222222225,0.0,14.814814814814817
94,18.181818181818183,0.0,12.121212121212121
95,8.16326530612245,4.25531914893617,8.16326530612245
96,23.076923076923077,2.631578947368421,12.820512820512823
97,30.0,0.0,20.0
98,18.749999999999996,6.666666666666667,18.749999999999996
99,46.15384615384615,18.181818181818183,46.15384615384615
100,27.77777777777778,0.0,16.666666666666664
101,16.216216216216218,2.7777777777777777,10.81081081081081
102,11.594202898550725,2.9850746268656714,11.594202898550725
103,52.17391304347827,28.57142857142857,43.47826086956522
104,30.769230769230766,0.0,23.076923076923077
105,38.235294117647065,18.181818181818183,32.35294117647059
106,0.0,0.0,0.0
107,11.76470588235294,9.09090909090909,11.76470588235294
108,19.04761904761905,0.0,19.04761904761905
109,37.83783783783784,5.7142857142857135,37.83783783783784
110,13.636363636363635,4.761904761904763,13.636363636363635
111,33.333333333333336,10.0,23.809523809523807
112,5.405405405405405,2.7777777777777777,5.405405405405405
113,30.303030303030305,6.25,24.242424242424242
114,20.689655172413794,0.0,13.793103448275861
115,8.888888888888888,0.0,8.888888888888888
116,8.51063829787234,2.1739130434782608,4.25531914893617
117,10.0,3.4482758620689653,10.0
118,7.4074074074074066,1.8867924528301887,3.7037037037037033
119,15.384615384615385,6.349206349206349,15.384615384615385
120,16.949152542372882,14.035087719298248,13.559322033898304
121,0.0,0.0,0.0
122,21.27659574468085,2.173913043478261,14.893617021276595
123,17.39130434782609,13.636363636363635,17.39130434782609
124,22.22222222222222,0.0,22.22222222222222
125,22.222222222222225,8.571428571428571,19.444444444444446
126,14.925373134328357,9.23076923076923,14.925373134328357
127,10.852713178294575,3.149606299212598,7.751937984496125
128,15.384615384615383,0.0,15.384615384615383
129,2.7027027027027026,0.0,2.7027027027027026
130,14.814814814814813,2.531645569620253,9.876543209876544
131,4.545454545454545,2.2988505747126435,4.545454545454545
132,11.111111111111112,2.857142857142857,11.111111111111112
133,23.809523809523807,5.0,19.047619047619047
134,21.052631578947366,7.2727272727272725,17.54385964912281
135,16.0,2.73972602739726,13.333333333333336
136,8.0,0.0,5.333333333333334
137,23.52941176470588,6.25,23.52941176470588
138,5.88235294117647,0.0,5.88235294117647
139,15.384615384615385,7.8431372549019605,11.538461538461538
140,13.043478260869568,0.0,13.043478260869568
141,8.0,4.166666666666667,8.0
142,4.25531914893617,1.4388489208633095,4.25531914893617
143,38.46153846153846,16.666666666666664,23.076923076923077
144,36.0,4.166666666666666,28.000000000000004
145,7.179487179487179,2.072538860103627,7.179487179487179
146,7.936507936507938,4.838709677419355,4.761904761904762
147,12.5,2.564102564102564,10.0
148,11.538461538461538,9.803921568627452,11.538461538461538
149,9.523809523809526,0.0,6.349206349206349
150,66.66666666666666,46.15384615384615,53.333333333333336
151,10.81081081081081,5.714285714285714,10.81081081081081
152,7.547169811320755,0.0,5.660377358490566
153,37.03703703703704,8.0,14.814814814814813
154,7.4074074074074066,2.13903743315508,6.349206349206351
155,14.925373134328357,4.545454545454546,10.44776119402985
156,15.384615384615383,0.0,15.384615384615383
157,5.940594059405941,0.0,3.9603960396039612
158,19.047619047619047,0.0,19.047619047619047
159,8.620689655172415,3.508771929824561,8.620689655172415
160,19.354838709677416,6.896551724137931,12.903225806451612
161,16.3265306122449,8.51063829787234,12.244897959183671
162,18.75,6.451612903225806,15.625
163,15.625,3.1746031746031744,12.5
164,7.407407407407408,0.0,7.407407407407408
165,9.75609756097561,0.0,7.317073170731707
166,9.836065573770492,0.0,6.557377049180328
167,18.18181818181818,9.523809523809522,18.18181818181818
168,15.384615384615383,10.81081081081081,15.384615384615383
169,12.5,0.0,12.5
170,0.0,0.0,0.0
171,25.0,0.0,25.0
172,8.0,0.0,5.333333333333334
173,0.0,0.0,0.0
174,10.0,3.4482758620689653,10.0
175,20.0,5.2631578947368425,20.0
176,13.636363636363635,2.3255813953488373,11.363636363636363
177,8.333333333333334,0.0,8.333333333333334
178,6.41025641025641,0.0,5.128205128205129
179,7.142857142857144,1.8181818181818183,5.357142857142857
180,3.488372093023256,2.352941176470588,3.488372093023256
181,15.384615384615385,5.405405405405405,15.384615384615385
182,27.027027027027025,0.0,21.62162162162162
183,10.256410256410255,0.0,5.128205128205128
184,5.204460966542751,2.9962546816479403,4.4609665427509295
185,15.789473684210526,11.11111111111111,15.789473684210526
186,21.05263157894737,0.0,10.526315789473685
187,14.117647058823533,2.4096385542168677,11.76470588235294
188,10.256410256410255,2.631578947368421,7.6923076923076925
189,12.371134020618557,10.526315789473683,12.371134020618557
190,14.634146341463413,0.0,9.75609756097561
191,25.531914893617024,0.0,17.02127659574468
192,11.76470588235294,6.0,11.76470588235294
193,12.244897959183673,4.25531914893617,12.244897959183673
194,26.08695652173913,0.0,17.391304347826086
195,35.714285714285715,7.692307692307692,21.428571428571427
196,7.4074074074074066,0.0,7.4074074074074066
197,9.638554216867469,0.0,9.638554216867469
198,5.797101449275362,0.0,5.797101449275362
199,10.0,5.128205128205129,10.0
200,7.6923076923076925,0.0,7.6923076923076925
201,5.714285714285714,0.0,5.714285714285714
202,10.989010989010989,2.247191011235955,8.79120879120879
203,11.267605633802818,1.4285714285714286,8.450704225352112
204,30.508474576271183,10.526315789473681,27.11864406779661
205,8.219178082191782,0.0,5.47945205479452
206,25.0,0.0,25.0
207,6.896551724137931,0.0,2.2988505747126435
208,8.79120879120879,2.247191011235955,8.79120879120879
209,15.789473684210526,0.0,15.789473684210526
210,6.060606060606061,0.0,3.0303030303030307
211,11.11111111111111,0.0,11.11111111111111
212,7.317073170731707,2.5,7.317073170731707
213,0.0,0.0,0.0
214,13.793103448275861,2.3529411764705883,9.195402298850574
215,20.51282051282051,10.81081081081081,20.51282051282051
216,0.0,0.0,0.0
217,34.78260869565218,9.523809523809524,26.08695652173913
218,15.625,3.225806451612903,12.5
219,0.0,0.0,0.0
220,33.33333333333333,0.0,25.0
221,17.391304347826086,0.0,17.391304347826086
222,2.3529411764705883,0.0,2.3529411764705883
223,32.432432432432435,22.857142857142858,27.027027027027028
224,27.450980392156865,8.16326530612245,23.52941176470588
225,7.874015748031496,1.6,7.874015748031496
226,11.940298507462686,0.0,8.955223880597012
227,22.368421052631582,6.666666666666667,18.421052631578945
228,5.797101449275362,0.0,5.797101449275362
229,11.904761904761905,0.0,9.523809523809526
230,6.0606060606060606,0.0,6.0606060606060606
231,8.695652173913043,0.0,8.695652173913043
232,20.0,5.128205128205128,17.5
233,30.76923076923077,16.666666666666664,30.76923076923077
234,62.500000000000014,14.285714285714288,50.0
235,20.51282051282051,0.0,15.384615384615383
236,18.181818181818183,0.0,13.636363636363635
237,22.222222222222225,4.651162790697675,13.333333333333334
238,25.0,6.666666666666667,18.75
239,29.78723404255319,26.666666666666668,29.78723404255319
240,11.111111111111109,3.8461538461538463,11.111111111111109
241,7.0588235294117645,2.4096385542168672,7.0588235294117645
242,13.043478260869565,0.0,8.695652173913043
243,19.81981981981982,7.339449541284402,14.414414414414415
244,8.333333333333332,0.0,8.333333333333332
245,7.4074074074074066,0.0,7.4074074074074066
246,8.0,4.166666666666667,8.0
247,18.823529411764707,2.4096385542168677,14.117647058823529
248,37.5,26.666666666666668,25.0
249,14.545454545454545,3.7735849056603774,10.90909090909091
250,5.88235294117647,0.0,5.88235294117647
251,26.666666666666668,9.302325581395348,22.222222222222225
252,5.555555555555555,0.0,5.555555555555555
253,5.714285714285714,0.0,5.714285714285714
254,2.7777777777777777,0.0,2.7777777777777777
255,19.354838709677416,0.0,12.903225806451612
256,6.153846153846153,0.0,6.153846153846153
257,21.333333333333336,5.47945205479452,21.333333333333336
258,11.538461538461538,4.0,11.538461538461538
259,11.904761904761905,0.0,9.523809523809526
260,9.375,3.225806451612903,9.375
261,15.094339622641511,3.921568627450981,11.32075471698113
262,23.300970873786405,5.9405940594059405,15.533980582524274
263,31.818181818181817,0.0,18.181818181818183
264,11.11111111111111,0.0,11.11111111111111
265,6.956521739130435,1.7699115044247788,6.956521739130435
266,18.181818181818183,10.0,18.181818181818183
267,12.5,4.347826086956522,12.5
268,31.57894736842105,0.0,31.57894736842105
269,19.354838709677416,0.0,12.90322580645161
270,5.479452054794522,2.8169014084507045,5.479452054794522
271,15.0,0.0,10.0
272,20.51282051282051,0.0,15.384615384615383
273,22.222222222222225,9.302325581395348,13.333333333333334
274,9.09090909090909,0.0,9.09090909090909
275,33.333333333333336,28.57142857142857,33.333333333333336
276,38.09523809523809,10.526315789473681,28.571428571428577
277,15.384615384615383,0.0,15.384615384615383
278,10.294117647058822,5.970149253731343,10.294117647058822
279,22.368421052631582,6.666666666666667,18.421052631578945
280,30.0,0.0,30.0
281,42.857142857142854,7.692307692307692,35.714285714285715
282,24.324324324324326,5.555555555555556,16.216216216216218
283,45.16129032258064,20.689655172413794,32.25806451612903
284,16.3265306122449,0.0,12.244897959183671
285,12.0,0.0,12.0
286,23.68421052631579,10.81081081081081,18.421052631578945
287,6.25,0.0,3.125
288,13.114754098360656,3.389830508474576,9.836065573770494
289,27.631578947368425,22.666666666666668,19.736842105263158
290,8.333333333333334,6.382978723404255,8.333333333333334
291,14.432989690721648,0.0,8.24742268041237
292,53.333333333333336,46.15384615384615,53.333333333333336
293,11.76470588235294,6.25,11.76470588235294
294,10.810810810810812,2.777777777777778,10.810810810810812
295,17.02127659574468,0.0,12.765957446808512
296,17.24137931034483,5.263157894736841,15.517241379310345
297,20.512820512820515,0.0,10.256410256410257
298,15.384615384615383,10.81081081081081,15.384615384615383
299,13.636363636363635,4.761904761904762,9.090909090909092
300,6.349206349206349,1.6129032258064515,3.1746031746031744
301,25.806451612903224,16.666666666666668,19.35483870967742
302,12.307692307692308,3.1746031746031744,9.23076923076923
303,12.903225806451612,4.395604395604396,12.903225806451612
304,5.128205128205128,0.0,5.128205128205128
305,30.136986301369866,16.901408450704228,30.136986301369866
306,12.307692307692307,6.349206349206349,12.307692307692307
307,12.4031007751938,1.574803149606299,9.302325581395348
308,2.7027027027027026,0.0,2.7027027027027026
309,17.02127659574468,0.0,12.76595744680851
310,6.557377049180327,0.0,6.557377049180327
311,4.545454545454546,0.0,2.7272727272727275
312,33.33333333333333,6.382978723404255,20.833333333333336
313,28.124999999999993,12.903225806451612,21.875
314,33.33333333333333,14.285714285714285,26.666666666666668
315,21.276595744680854,0.0,17.02127659574468
316,10.81081081081081,0.0,10.81081081081081
317,26.41509433962264,3.8461538461538463,18.867924528301888
318,9.615384615384617,3.9215686274509802,9.615384615384617
319,8.888888888888888,0.0,8.888888888888888
320,44.44444444444445,25.0,44.44444444444445
321,4.651162790697675,0.0,4.651162790697675
322,4.761904761904763,0.0,4.761904761904763
323,3.076923076923077,0.0,3.076923076923077
324,25.0,0.0,12.5
325,9.677419354838708,3.3333333333333335,9.677419354838708
326,11.11111111111111,7.547169811320755,11.11111111111111
327,14.634146341463413,0.0,9.75609756097561
328,13.207547169811324,3.846153846153846,9.433962264150942
329,22.222222222222225,8.571428571428571,19.444444444444446
330,2.631578947368421,0.0,2.631578947368421
331,29.268292682926827,15.384615384615383,24.39024390243903
332,8.620689655172415,3.508771929824562,8.620689655172415
333,10.638297872340424,8.695652173913045,10.638297872340424
334,4.724409448818898,0.0,4.724409448818898
335,3.7383177570093453,0.0,3.7383177570093453
336,0.0,0.0,0.0
337,19.230769230769234,4.0,15.384615384615385
338,7.142857142857144,0.0,7.142857142857144
339,13.636363636363638,0.0,9.09090909090909
340,4.819277108433735,2.4691358024691357,4.819277108433735
341,28.169014084507044,5.797101449275361,22.535211267605636
342,6.666666666666667,0.0,6.666666666666667
343,18.18181818181818,9.523809523809526,13.636363636363635
344,26.08695652173913,9.523809523809526,26.08695652173913
345,3.225806451612903,0.0,3.225806451612903
346,16.43835616438356,0.0,10.95890410958904
347,11.881188118811883,6.0606060606060606,11.881188118811883
348,0.0,0.0,0.0
349,10.0,0.0,10.0
350,23.333333333333336,13.793103448275861,20.0
351,11.347517730496454,7.194244604316548,11.347517730496454
352,13.793103448275865,3.571428571428571,10.344827586206897
353,13.636363636363638,4.761904761904763,13.636363636363638
354,10.38961038961039,2.6666666666666665,7.792207792207792
355,7.0588235294117645,4.8192771084337345,7.0588235294117645
356,33.33333333333333,14.893617021276595,29.166666666666668
357,21.62162162162162,11.428571428571429,10.81081081081081
358,25.0,0.0,15.0
359,5.194805194805195,0.0,5.194805194805195
360,8.620689655172413,3.508771929824561,6.896551724137931
361,14.545454545454547,7.547169811320755,14.545454545454547
362,10.0,5.128205128205129,10.0
363,12.195121951219514,2.5,12.195121951219514
364,33.33333333333333,27.27272727272727,25.0
365,12.844036697247708,0.0,9.174311926605505
366,77.96610169491525,77.19298245614036,77.96610169491525
367,23.52941176470588,12.5,17.647058823529413
368,12.82051282051282,5.263157894736841,10.256410256410255
369,13.513513513513514,2.7777777777777777,13.513513513513514
370,7.79220779220779,2.666666666666667,5.194805194805195
371,32.0,8.333333333333332,27.999999999999996
372,22.099447513812155,10.05586592178771,16.574585635359114
373,14.814814814814813,0.0,14.814814814814813
374,15.09433962264151,0.0,11.320754716981131
375,8.333333333333334,0.0,8.333333333333334
376,37.03703703703704,16.0,37.03703703703704
377,23.52941176470588,0.0,11.76470588235294
378,43.75,26.666666666666668,43.75
379,10.0,0.0,10.0
380,13.333333333333334,3.4482758620689653,10.0
381,9.433962264150942,1.923076923076923,9.433962264150942
382,11.881188118811883,2.02020202020202,7.920792079207921
383,11.11111111111111,0.0,11.11111111111111
384,5.263157894736842,0.0,5.263157894736842
385,29.166666666666664,17.391304347826086,29.166666666666664
386,15.126050420168067,1.7094017094017095,11.764705882352942
387,5.714285714285714,0.0,5.714285714285714
388,22.22222222222222,5.88235294117647,11.11111111111111
389,31.999999999999996,8.695652173913043,24.0
390,34.48275862068966,0.0,20.689655172413794
391,18.181818181818183,4.761904761904761,9.090909090909092
392,22.222222222222225,8.0,22.222222222222225
393,21.176470588235297,2.4096385542168672,14.117647058823529
394,10.526315789473685,0.0,10.526315789473685
395,7.4074074074074066,0.0,7.4074074074074066
396,20.338983050847457,10.526315789473681,16.949152542372882
397,4.123711340206186,1.0416666666666667,4.123711340206186
398,15.789473684210526,8.108108108108109,13.157894736842104
399,25.53191489361702,13.333333333333334,25.53191489361702
400,2.6200873362445414,0.881057268722467,2.6200873362445414
401,10.309278350515463,6.315789473684211,10.309278350515463
402,59.45945945945945,28.57142857142857,48.648648648648646
403,15.09433962264151,7.8431372549019605,11.320754716981133
404,34.146341463414636,5.0,21.951219512195124
405,10.526315789473683,2.7027027027027026,7.894736842105264
406,10.0,4.347826086956522,10.0
407,30.0,0.0,20.0
408,14.035087719298248,7.2727272727272725,14.035087719298248
409,31.25,13.333333333333334,25.0
410,8.51063829787234,0.0,4.25531914893617
411,8.16326530612245,2.083333333333333,8.16326530612245
412,13.333333333333334,0.0,13.333333333333334
413,25.454545454545457,15.09433962264151,21.818181818181817
414,19.867549668874172,5.369127516778524,14.569536423841056
415,15.000000000000002,10.526315789473685,10.0
416,8.849557522123892,1.801801801801802,7.079646017699116
417,0.0,0.0,0.0
418,13.793103448275865,2.3529411764705888,9.195402298850574
419,19.607843137254903,0.0,15.686274509803924
420,15.384615384615383,5.405405405405405,15.384615384615383
421,42.857142857142854,30.76923076923077,35.714285714285715
422,6.756756756756757,5.47945205479452,6.756756756756757
423,22.22222222222222,7.999999999999999,22.22222222222222
424,10.714285714285712,3.703703703703703,10.714285714285712
425,12.903225806451612,0.0,9.67741935483871
426,41.9753086419753,15.189873417721522,24.691358024691358
427,0.0,0.0,0.0
428,16.666666666666664,0.0,13.333333333333334
429,34.78260869565217,9.523809523809526,34.78260869565217
430,13.043478260869565,2.2222222222222223,13.043478260869565
431,20.51282051282051,0.0,15.384615384615383
432,19.04761904761905,0.0,9.523809523809526
433,13.95348837209302,0.0,13.95348837209302
434,6.896551724137931,0.0,6.896551724137931
435,4.301075268817204,0.0,4.301075268817204
436,10.526315789473683,7.2727272727272725,10.526315789473683
437,19.047619047619047,0.0,19.047619047619047
438,18.18181818181818,4.761904761904762,13.636363636363638
439,6.25,0.0,6.25
440,25.0,18.18181818181818,25.0
441,24.0,16.666666666666668,16.0
442,18.18181818181818,2.666666666666667,10.38961038961039
443,17.97752808988764,0.0,11.235955056179774
444,0.0,0.0,0.0
445,13.333333333333336,7.142857142857142,13.333333333333336
446,18.181818181818183,9.375,18.181818181818183
447,26.08695652173913,4.545454545454546,21.73913043478261
448,10.191082802547772,1.290322580645161,7.643312101910829
449,20.0,8.333333333333334,20.0
450,21.73913043478261,4.444444444444444,17.391304347826086
451,15.873015873015875,6.451612903225808,9.523809523809524
452,16.0,2.73972602739726,13.333333333333336
453,28.571428571428577,5.0,19.04761904761905
454,37.03703703703704,16.0,29.629629629629626
455,7.92079207920792,4.040404040404041,5.940594059405941
456,20.618556701030926,4.210526315789473,18.556701030927837
457,21.428571428571427,7.6923076923076925,21.428571428571427
458,13.333333333333334,0.0,13.333333333333334
459,12.698412698412698,1.6129032258064513,11.11111111111111
460,16.0,0.0,16.0
461,20.0,0.0,20.0
462,0.0,0.0,0.0
463,0.0,0.0,0.0
464,20.512820512820515,5.405405405405405,20.512820512820515
465,30.76923076923077,25.0,30.76923076923077
466,6.2015503875969,1.574803149606299,4.651162790697675
467,17.30769230769231,3.9215686274509802,15.384615384615385
468,19.35483870967742,10.0,16.129032258064516
469,30.76923076923077,16.666666666666664,30.76923076923077
470,18.181818181818183,0.0,13.636363636363635
471,4.395604395604394,2.247191011235955,4.395604395604394
472,10.169491525423728,0.0,10.169491525423728
473,19.607843137254903,12.244897959183673,19.607843137254903
474,6.666666666666667,0.0,6.666666666666667
475,10.344827586206897,3.571428571428572,6.896551724137931
476,5.172413793103448,1.7543859649122806,5.172413793103448
477,23.999999999999996,0.0,8.0
478,25.000000000000007,4.347826086956522,16.666666666666664
479,51.162790697674424,19.51219512195122,32.55813953488372
480,6.451612903225805,2.61437908496732,6.451612903225805
481,19.04761904761905,0.0,9.523809523809526
482,12.5,0.0,12.5
483,11.76470588235294,6.0,9.803921568627452
484,12.5,3.225806451612903,9.375
485,10.666666666666666,8.219178082191782,10.666666666666666
486,7.272727272727273,3.7037037037037033,7.272727272727273
487,13.333333333333334,3.007518796992481,13.333333333333334
488,18.749999999999996,0.0,18.749999999999996
489,14.814814814814817,0.0,14.814814814814817
490,13.114754098360654,3.389830508474576,6.557377049180327
491,20.51282051282051,0.0,15.384615384615383
492,11.235955056179774,4.597701149425286,8.98876404494382
493,8.47457627118644,3.4482758620689653,6.779661016949152
494,19.047619047619047,9.836065573770492,19.047619047619047
495,22.988505747126435,9.411764705882353,20.689655172413797
496,12.76595744680851,3.225806451612903,10.638297872340425
497,14.705882352941178,3.03030303030303,8.823529411764705
498,29.411764705882348,12.5,17.647058823529413
499,29.629629629629626,8.0,14.814814814814813
500,23.076923076923077,8.333333333333332,23.076923076923077
501,0.0,0.0,0.0
502,17.77777777777778,0.0,17.77777777777778
503,4.819277108433735,2.4691358024691357,4.819277108433735
504,28.099173553719016,10.084033613445378,21.48760330578512
505,21.705426356589147,11.023622047244094,17.054263565891475
506,8.695652173913043,0.0,8.695652173913043
507,27.77777777777778,11.76470588235294,22.222222222222225
508,9.523809523809524,0.0,9.523809523809524
509,15.384615384615385,8.0,15.384615384615385
510,9.333333333333334,2.7027027027027026,9.333333333333334
511,22.499999999999996,5.128205128205128,17.5
512,0.0,0.0,0.0
513,24.836601307189543,11.920529801324504,15.686274509803921
514,15.384615384615383,4.0,11.538461538461537
515,18.75,0.0,6.25
516,8.333333333333334,0.0,8.333333333333334
517,7.2727272727272725,0.0,7.2727272727272725
518,14.925373134328357,6.153846153846153,14.925373134328357
519,14.634146341463413,7.5,14.634146341463413
520,4.511278195488721,0.0,4.511278195488721
521,18.181818181818183,6.451612903225806,18.181818181818183
522,9.23076923076923,3.1746031746031744,6.153846153846153
523,19.78021978021978,2.247191011235955,13.186813186813188
524,20.0,0.0,20.0
525,7.2289156626506035,2.469135802469136,7.2289156626506035
526,42.22222222222222,27.27272727272727,33.333333333333336
527,29.629629629629626,0.0,14.814814814814813
528,3.389830508474576,0.0,3.389830508474576
529,11.235955056179774,4.597701149425288,11.235955056179774
530,20.0,10.344827586206895,20.0
531,13.48314606741573,9.195402298850574,11.235955056179774
532,15.217391304347828,8.88888888888889,13.043478260869565
533,3.7735849056603774,0.0,3.7735849056603774
534,0.0,0.0,0.0
535,36.36363636363636,10.0,27.27272727272727
536,27.083333333333336,8.51063829787234,22.916666666666664
537,11.76470588235294,0.0,8.823529411764705
538,8.695652173913043,4.545454545454546,8.695652173913043
539,13.953488372093023,4.878048780487805,9.30232558139535
540,5.617977528089887,2.272727272727273,4.49438202247191
541,33.33333333333333,7.142857142857142,20.0
542,21.27659574468085,4.444444444444445,12.76595744680851
543,14.457831325301207,4.938271604938271,12.048192771084338
544,85.71428571428571,66.66666666666667,85.71428571428571
545,5.917159763313609,3.592814371257485,5.917159763313609
546,34.78260869565217,0.0,26.086956521739125
547,6.0606060606060606,1.5384615384615383,6.0606060606060606
548,5.970149253731343,0.0,2.9850746268656714
549,17.142857142857142,6.0606060606060606,11.428571428571429
550,50.000000000000014,34.78260869565217,29.166666666666664
551,13.698630136986301,2.816901408450704,10.95890410958904
552,10.90909090909091,7.547169811320753,10.90909090909091
553,4.545454545454546,0.0,4.545454545454546
554,15.625,3.1746031746031744,12.5
555,10.0,3.4482758620689653,6.666666666666667
556,20.833333333333336,8.695652173913045,12.5
557,11.494252873563218,0.0,9.195402298850574
558,35.8974358974359,10.81081081081081,25.641025641025646
559,26.666666666666668,14.285714285714285,26.666666666666668
560,25.0,0.0,16.666666666666664
561,8.510638297872342,2.173913043478261,8.510638297872342
562,7.0588235294117645,2.4096385542168672,7.0588235294117645
563,25.581395348837205,2.380952380952381,18.6046511627907
564,0.0,0.0,0.0
565,31.57894736842105,23.52941176470588,31.57894736842105
566,14.925373134328357,3.076923076923077,8.955223880597014
567,17.02127659574468,8.88888888888889,17.02127659574468
568,17.777777777777775,0.0,15.555555555555559
569,20.40816326530612,4.25531914893617,16.3265306122449
570,2.9850746268656714,0.0,2.9850746268656714
571,15.384615384615383,0.0,15.384615384615383
572,7.142857142857142,0.0,7.142857142857142
573,30.0,17.24137931034483,26.666666666666668
574,20.588235294117645,12.121212121212121,20.588235294117645
575,0.0,0.0,0.0
576,6.8181818181818175,0.0,4.545454545454546
577,30.76923076923077,5.405405405405405,20.512820512820515
578,24.444444444444446,0.0,13.333333333333334
579,15.503875968992247,3.149606299212598,10.852713178294573
580,14.432989690721648,6.315789473684211,10.309278350515465
581,0.0,0.0,0.0
582,32.142857142857146,3.7037037037037033,21.428571428571427
583,10.714285714285714,0.0,7.142857142857144
584,30.0,11.11111111111111,20.0
585,9.523809523809522,0.0,9.523809523809522
586,75.99999999999999,70.83333333333333,75.99999999999999
587,18.181818181818183,0.0,18.181818181818183
588,9.090909090909092,0.0,9.090909090909092
589,23.25581395348837,9.75609756097561,23.25581395348837
590,5.3097345132743365,3.6036036036036037,5.3097345132743365
591,6.451612903225806,0.0,6.451612903225806
592,9.174311926605503,3.7383177570093453,9.174311926605503
593,0.0,0.0,0.0
594,0.0,0.0,0.0
595,20.94240837696335,6.349206349206349,15.706806282722512
596,8.60215053763441,6.593406593406594,6.451612903225806
597,11.76470588235294,0.0,11.76470588235294
598,28.571428571428577,6.0606060606060606,22.857142857142858
599,12.698412698412698,3.278688524590164,12.698412698412698
600,18.75,0.0,12.5
601,14.736842105263156,12.903225806451612,14.736842105263156
602,4.597701149425287,2.3255813953488373,3.4482758620689653
603,9.09090909090909,0.0,9.09090909090909
604,29.268292682926827,2.5,19.51219512195122
605,14.705882352941178,9.090909090909092,8.823529411764707
606,13.333333333333334,0.0,13.333333333333334
607,10.526315789473685,5.555555555555555,10.526315789473685
608,15.625000000000004,0.0,9.375
609,13.88888888888889,2.8571428571428568,8.333333333333332
610,6.451612903225806,0.0,6.451612903225806
611,22.22222222222222,13.636363636363635,15.555555555555555
612,35.89743589743589,0.0,25.64102564102564
613,18.18181818181818,6.976744186046513,15.909090909090907
614,7.407407407407408,0.0,7.407407407407408
615,24.137931034482758,7.142857142857142,24.137931034482758
616,16.39344262295082,0.0,13.114754098360654
617,0.0,0.0,0.0
618,23.91304347826087,6.666666666666667,19.565217391304348
619,6.557377049180328,0.0,6.557377049180328
620,13.48314606741573,4.597701149425287,8.98876404494382
621,4.545454545454546,0.0,4.545454545454546
622,31.57894736842105,5.555555555555555,21.052631578947363
623,6.557377049180328,5.0,6.557377049180328
624,5.194805194805195,0.0,5.194805194805195
625,8.333333333333332,0.0,8.333333333333332
626,30.76923076923077,16.216216216216214,30.76923076923077
627,53.84615384615385,25.0,46.15384615384615
628,9.09090909090909,4.761904761904761,9.09090909090909
629,52.94117647058824,31.25,52.94117647058824
630,7.272727272727273,0.0,7.272727272727273
631,9.09090909090909,0.0,9.09090909090909
632,15.094339622641506,0.0,11.320754716981131
633,14.285714285714285,0.0,14.285714285714285
634,32.91139240506329,12.987012987012985,17.72151898734177
635,15.789473684210526,5.357142857142857,8.771929824561404
636,14.73684210526316,0.0,10.526315789473683
637,15.789473684210526,5.405405405405405,13.157894736842104
638,22.368421052631582,6.666666666666667,18.421052631578945
639,25.0,9.09090909090909,16.666666666666664
640,12.82051282051282,10.526315789473681,12.82051282051282
641,7.692307692307692,0.0,7.692307692307692
642,21.73913043478261,4.545454545454546,21.73913043478261
643,10.526315789473685,0.0,7.017543859649124
644,4.2105263157894735,0.0,4.2105263157894735
645,53.333333333333336,0.0,40.0
646,11.538461538461538,0.0,7.6923076923076925
647,0.0,0.0,0.0
648,12.5,0.0,8.928571428571427
649,7.142857142857142,1.8181818181818183,5.357142857142858
650,19.35483870967742,6.896551724137932,12.903225806451612
651,31.818181818181824,14.285714285714285,27.27272727272727
652,3.0888030888030884,2.3346303501945522,3.0888030888030884
653,23.52941176470588,6.25,23.52941176470588
654,18.518518518518515,0.0,14.814814814814813
655,9.195402298850574,0.0,6.896551724137931
656,21.276595744680847,4.444444444444445,17.02127659574468
657,35.294117647058826,0.0,23.52941176470588
658,21.62162162162162,5.714285714285714,16.216216216216214
659,11.11111111111111,2.272727272727273,8.88888888888889
660,13.333333333333334,6.015037593984964,10.37037037037037
661,38.095238095238095,9.836065573770492,25.396825396825395
662,9.523809523809526,0.0,9.523809523809526
663,28.235294117647058,12.048192771084338,21.17647058823529
664,19.35483870967742,0.0,12.903225806451612
665,19.354838709677416,6.896551724137931,19.354838709677416
666,13.793103448275861,7.4074074074074066,13.793103448275861
667,10.0,5.263157894736842,10.0
668,23.809523809523807,5.0,14.285714285714288
669,6.25,0.0,6.25
670,9.836065573770492,0.0,9.836065573770492
671,25.0,0.0,25.0
672,0.0,0.0,0.0
673,27.397260273972602,11.267605633802818,19.17808219178082
674,4.181184668989546,2.105263157894737,4.181184668989546
675,10.526315789473683,6.451612903225806,10.526315789473683
676,16.0,5.479452054794521,13.333333333333334
677,6.666666666666667,0.0,6.666666666666667
678,17.142857142857146,0.0,11.428571428571429
679,12.8,6.504065040650407,11.200000000000001
680,14.814814814814813,3.846153846153846,14.814814814814813
681,12.5,0.0,12.5
682,9.090909090909092,1.5384615384615385,6.060606060606061
683,38.46153846153846,25.0,38.46153846153846
684,13.333333333333334,0.0,13.333333333333334
685,18.39080459770115,7.0588235294117645,16.091954022988507
686,25.0,0.0,25.0
687,15.625,6.451612903225806,15.625
688,5.88235294117647,0.0,5.88235294117647
689,36.36363636363637,15.625,21.21212121212121
690,0.0,0.0,0.0
691,14.285714285714285,0.0,14.285714285714285
692,24.999999999999996,8.695652173913043,20.833333333333336
693,10.256410256410255,5.194805194805195,7.692307692307692
694,19.354838709677416,4.395604395604395,10.75268817204301
695,16.16161616161616,0.0,10.1010101010101
696,5.88235294117647,0.0,5.88235294117647
697,17.54385964912281,14.545454545454545,17.54385964912281
698,21.311475409836067,6.666666666666668,13.114754098360656
699,9.195402298850576,4.705882352941177,6.896551724137931
700,32.558139534883715,14.634146341463417,32.558139534883715
701,7.655502392344498,5.797101449275363,6.698564593301436
702,13.333333333333334,0.0,13.333333333333334
703,23.52941176470588,0.0,11.76470588235294
704,18.556701030927833,2.105263157894737,12.371134020618555
705,28.57142857142857,5.0,19.047619047619047
706,18.01801801801802,5.5045871559633035,9.00900900900901
707,0.0,0.0,0.0
708,22.22222222222222,12.5,22.22222222222222
709,24.615384615384617,9.523809523809524,21.53846153846154
710,12.76595744680851,0.0,8.51063829787234
711,12.903225806451612,0.0,12.903225806451612
712,0.0,0.0,0.0
713,26.086956521739136,0.0,26.086956521739136
714,6.1224489795918355,1.0309278350515463,5.102040816326531
715,34.5679012345679,5.063291139240507,22.22222222222222
716,26.923076923076923,12.0,11.538461538461537
717,12.5,0.0,12.5
718,30.188679245283023,0.0,18.867924528301888
719,20.689655172413794,0.0,20.689655172413794
720,53.333333333333336,0.0,40.0
721,8.000000000000002,1.6260162601626018,6.4
722,7.766990291262134,3.96039603960396,5.825242718446601
723,27.77777777777778,5.88235294117647,22.22222222222222
724,14.953271028037381,5.7142857142857135,13.084112149532709
725,6.578947368421052,3.9999999999999996,5.263157894736842
726,23.728813559322035,0.0,13.559322033898304
727,7.079646017699115,1.8018018018018018,5.3097345132743365
728,35.8974358974359,16.216216216216214,30.76923076923077
729,19.51219512195122,5.128205128205128,14.634146341463413
730,33.333333333333336,0.0,16.666666666666668
731,30.769230769230766,21.62162162162162,30.769230769230766
732,11.111111111111112,3.7735849056603774,9.25925925925926
733,5.128205128205128,2.6315789473684204,5.128205128205128
734,11.428571428571429,6.0606060606060606,11.428571428571429
735,8.888888888888888,0.0,8.888888888888888
736,9.302325581395348,0.0,9.302325581395348
737,19.6078431372549,5.999999999999999,15.686274509803921
738,6.521739130434782,2.197802197802198,5.434782608695652
739,25.641025641025646,5.405405405405405,15.384615384615383
740,13.333333333333334,3.4482758620689653,13.333333333333334
741,15.384615384615383,0.0,15.384615384615383
742,15.384615384615385,0.0,10.256410256410257
743,27.27272727272727,14.285714285714285,27.27272727272727
744,5.47945205479452,2.8169014084507045,5.47945205479452
745,17.142857142857142,0.0,11.428571428571429
746,11.594202898550725,5.970149253731343,11.594202898550725
747,16.901408450704224,8.695652173913043,14.084507042253518
748,7.142857142857142,0.0,7.142857142857142
749,8.108108108108107,0.0,5.405405405405405
750,6.896551724137931,0.0,6.896551724137931
751,10.81081081081081,5.714285714285714,10.81081081081081
752,3.389830508474576,0.0,3.389830508474576
753,17.142857142857142,12.121212121212121,17.142857142857142
754,8.0,5.05050505050505,5.0
755,5.88235294117647,0.0,5.88235294117647
756,15.09433962264151,3.9215686274509802,15.09433962264151
757,23.076923076923077,8.333333333333332,15.384615384615383
758,11.594202898550725,0.0,5.797101449275362
759,43.47826086956521,13.636363636363638,26.086956521739136
760,14.159292035398233,9.00900900900901,12.389380530973455
761,38.29787234042553,22.222222222222225,29.787234042553195
762,7.812499999999998,3.1746031746031744,7.812499999999998
763,10.638297872340425,4.347826086956521,8.51063829787234
764,23.88059701492537,6.153846153846153,17.910447761194032
765,12.195121951219512,7.5,9.75609756097561
766,27.272727272727277,9.523809523809522,22.72727272727273
767,19.51219512195122,0.0,9.75609756097561
768,4.743083003952568,2.390438247011952,3.9525691699604746
769,10.526315789473683,0.0,7.017543859649124
770,28.571428571428577,2.083333333333333,18.367346938775512
771,9.900990099009901,4.040404040404041,9.900990099009901
772,10.126582278481013,2.5974025974025974,5.063291139240507
773,8.333333333333334,2.857142857142857,5.555555555555555
774,28.57142857142857,10.526315789473683,28.57142857142857
775,6.0606060606060606,0.0,6.0606060606060606
776,9.523809523809526,0.0,9.523809523809526
777,8.849557522123893,1.8018018018018018,8.849557522123893
778,16.51376146788991,0.0,9.174311926605503
779,20.0,5.263157894736841,20.0
780,12.307692307692307,3.1746031746031744,12.307692307692307
781,22.368421052631582,6.666666666666667,18.421052631578945
782,20.51282051282051,0.0,15.384615384615383
783,11.347517730496454,7.194244604316548,11.347517730496454
784,12.5,2.564102564102564,10.0
785,16.666666666666668,14.285714285714288,16.666666666666668
786,26.31578947368421,5.555555555555555,10.526315789473683
787,14.285714285714285,10.0,14.285714285714285
788,17.72151898734177,7.792207792207792,12.658227848101264
789,13.79310344827586,0.0,6.89655172413793
790,8.602150537634408,6.593406593406594,6.451612903225806
791,20.408163265306122,4.25531914893617,16.3265306122449
792,4.545454545454546,0.0,4.545454545454546
793,7.194244604316548,2.9197080291970807,7.194244604316548
794,22.727272727272727,4.761904761904761,22.727272727272727
795,9.523809523809524,3.2786885245901636,9.523809523809524
796,17.39130434782609,0.0,8.695652173913045
797,22.222222222222225,0.0,16.666666666666664
798,16.39344262295082,6.779661016949151,13.114754098360654
799,20.833333333333336,8.695652173913045,16.666666666666668
800,13.40782122905028,10.169491525423727,12.29050279329609
801,29.268292682926827,2.5,19.51219512195122
802,20.437956204379564,4.444444444444445,17.51824817518248
803,31.578947368421055,22.22222222222222,21.05263157894737
804,24.390243902439025,10.256410256410255,19.51219512195122
805,41.791044776119406,12.307692307692308,29.85074626865672
806,2.2222222222222223,0.0,2.2222222222222223
807,17.02127659574468,0.0,12.765957446808512
808,9.677419354838708,3.3333333333333335,9.677419354838708
809,19.047619047619047,0.0,19.047619047619047
810,24.096385542168676,0.0,14.457831325301203
811,8.888888888888888,4.651162790697675,8.888888888888888
812,41.66666666666667,18.181818181818183,33.33333333333333
813,8.333333333333332,0.0,8.333333333333332
814,6.349206349206349,0.0,6.349206349206349
815,11.428571428571429,6.06060606060606,11.428571428571429
816,22.222222222222225,0.0,8.888888888888888
817,24.48979591836735,4.25531914893617,20.40816326530612
818,10.256410256410255,0.0,7.6923076923076925
819,6.741573033707865,2.298850574712644,6.741573033707865
820,13.793103448275861,0.0,13.793103448275861
821,13.333333333333334,6.8181818181818175,11.11111111111111
822,8.0,0.0,8.0
823,19.047619047619044,10.526315789473681,19.047619047619044
824,15.384615384615383,8.695652173913043,13.675213675213676
825,27.27272727272727,10.0,18.181818181818183
826,10.084033613445378,3.418803418803419,8.403361344537815
827,4.838709677419355,1.639344262295082,4.838709677419355
828,29.268292682926827,25.641025641025646,29.268292682926827
829,27.272727272727277,13.846153846153847,16.666666666666664
830,11.428571428571429,0.0,8.571428571428571
831,18.75,0.0,12.5
832,11.594202898550725,0.0,5.797101449275362
833,22.368421052631582,6.666666666666667,18.421052631578945
834,6.451612903225806,2.1978021978021975,4.301075268817204
835,9.523809523809526,0.0,9.523809523809526
836,13.20754716981132,7.6923076923076925,11.320754716981133
837,12.631578947368421,0.0,8.421052631578949
838,19.230769230769234,0.0,11.538461538461538
839,7.692307692307692,2.631578947368421,5.128205128205128
840,16.666666666666664,9.090909090909092,16.666666666666664
841,33.33333333333333,12.5,33.33333333333333
842,17.142857142857142,6.06060606060606,11.428571428571429
843,6.521739130434782,0.0,4.347826086956522
844,10.126582278481013,0.0,10.126582278481013
845,18.181818181818183,4.761904761904763,13.636363636363638
846,50.0,36.36363636363637,41.666666666666664
847,21.818181818181817,7.547169811320755,21.818181818181817
848,15.384615384615383,0.0,15.384615384615383
849,10.126582278481013,5.194805194805195,10.126582278481013
850,12.5,0.0,9.375
851,35.29411764705882,0.0,35.29411764705882
852,18.867924528301888,3.921568627450981,15.09433962264151
853,13.483146067415733,6.89655172413793,11.235955056179773
854,5.0,0.0,5.0
855,5.405405405405405,0.0,5.405405405405405
856,21.951219512195124,10.0,17.073170731707318
857,18.6046511627907,4.878048780487805,13.953488372093023
858,12.5,3.225806451612903,9.375000000000002
859,32.432432432432435,22.857142857142858,27.027027027027028
860,7.142857142857144,2.4390243902439024,4.761904761904762
861,0.0,0.0,0.0
862,13.636363636363635,0.0,13.636363636363635
863,23.255813953488374,0.0,9.30232558139535
864,9.333333333333332,5.405405405405404,9.333333333333332
865,3.7037037037037033,0.0,3.7037037037037033
866,23.809523809523807,5.0,19.04761904761905
867,20.588235294117645,6.0606060606060606,14.705882352941174
868,6.25,1.5873015873015872,6.25
869,0.0,0.0,0.0
870,21.62162162162162,11.11111111111111,18.918918918918916
871,12.612612612612612,5.504587155963303,10.81081081081081
872,6.1224489795918355,1.0309278350515463,5.102040816326531
873,28.571428571428577,12.121212121212121,22.857142857142858
874,14.634146341463413,0.0,14.634146341463413
875,12.244897959183671,2.083333333333333,10.204081632653061
876,7.766990291262137,1.9801980198019802,7.766990291262137
877,8.88888888888889,0.0,4.444444444444445
878,16.0,0.0,16.0
879,22.222222222222218,16.0,22.222222222222218
880,10.869565217391305,0.0,10.869565217391305
881,12.5,0.0,10.0
882,27.160493827160494,5.063291139240507,17.28395061728395
883,8.571428571428571,0.0,8.571428571428571
884,10.0,5.128205128205129,10.0
885,17.142857142857142,0.0,17.142857142857142
886,28.571428571428577,16.666666666666664,28.571428571428577
887,26.923076923076923,4.0,19.23076923076923
888,0.0,0.0,0.0
889,17.72151898734177,7.792207792207792,12.658227848101264
890,15.92920353982301,9.00900900900901,10.619469026548673
891,38.46153846153846,16.666666666666664,38.46153846153846
892,0.0,0.0,0.0
893,25.0,13.043478260869565,20.833333333333332
894,32.142857142857146,11.11111111111111,21.428571428571427
895,12.121212121212121,0.0,6.0606060606060606
896,27.45098039215686,16.3265306122449,15.686274509803921
897,0.0,0.0,0.0
898,9.75609756097561,5.128205128205128,9.75609756097561
899,5.88235294117647,0.0,5.88235294117647
900,12.12121212121212,3.125,9.090909090909092
901,9.75609756097561,5.0,9.75609756097561
902,9.433962264150944,3.8461538461538463,5.660377358490566
903,9.433962264150942,1.923076923076923,7.547169811320755
904,18.6046511627907,9.75609756097561,13.953488372093023
905,18.749999999999996,6.666666666666667,18.749999999999996
906,4.444444444444445,0.0,4.444444444444445
907,19.607843137254903,4.081632653061225,15.686274509803921
908,12.389380530973451,3.6036036036036037,10.619469026548673
909,7.518796992481203,3.053435114503817,7.518796992481203
910,30.769230769230766,16.216216216216214,20.51282051282051
911,9.836065573770492,5.0,8.19672131147541
912,24.489795918367346,17.02127659574468,24.489795918367346
913,4.444444444444444,1.5037593984962405,4.444444444444444
914,20.0,0.0,8.0
915,7.4074074074074066,0.0,7.4074074074074066
916,10.958904109589044,5.633802816901409,8.21917808219178
917,26.666666666666668,0.0,22.222222222222225
918,16.666666666666664,9.090909090909092,16.666666666666664
919,21.73913043478261,9.090909090909092,17.39130434782609
920,11.347517730496454,7.194244604316548,11.347517730496454
921,17.142857142857142,0.0,11.428571428571429
922,22.368421052631582,6.666666666666667,18.421052631578945
923,22.641509433962266,11.76470588235294,15.09433962264151
924,23.80952380952381,5.0,19.047619047619047
925,38.09523809523809,10.526315789473681,28.571428571428577
926,3.1746031746031744,0.0,3.1746031746031744
927,5.9259259259259265,1.5037593984962405,2.9629629629629632
928,6.666666666666667,0.0,6.666666666666667
929,11.49425287356322,4.705882352941176,11.49425287356322
930,14.0625,6.349206349206349,14.0625
931,16.666666666666664,5.88235294117647,16.666666666666664
932,6.896551724137932,0.0,6.896551724137932
933,36.36363636363637,25.806451612903224,30.303030303030305
934,26.086956521739125,4.545454545454545,17.391304347826086
935,21.276595744680854,13.333333333333334,17.02127659574468
936,25.0,9.090909090909092,25.0
937,17.910447761194025,9.230769230769232,14.925373134328357
938,20.0,6.896551724137931,13.333333333333334
939,34.78260869565217,0.0,26.086956521739125
940,7.017543859649124,0.0,7.017543859649124
941,13.043478260869568,0.0,13.043478260869568
942,10.1010101010101,0.0,6.060606060606061
943,23.728813559322035,1.7241379310344827,20.338983050847457
944,41.17647058823529,0.0,23.52941176470588
945,20.588235294117645,12.121212121212121,20.588235294117645
946,14.814814814814817,8.0,14.814814814814817
947,5.095541401273886,1.2903225806451615,5.095541401273886
948,11.851851851851853,10.526315789473683,10.370370370370368
949,8.333333333333334,0.0,8.333333333333334
950,9.876543209876543,5.063291139240507,7.4074074074074066
951,6.451612903225806,0.0,6.451612903225806
952,0.0,0.0,0.0
953,40.00000000000001,28.571428571428577,40.00000000000001
954,31.818181818181817,14.285714285714285,27.27272727272727
955,16.216216216216218,2.7777777777777777,10.81081081081081
956,30.303030303030305,6.451612903225808,18.18181818181818
957,6.0606060606060606,0.0,6.0606060606060606
958,10.526315789473685,3.6363636363636362,10.526315789473685
959,27.586206896551722,0.0,20.689655172413794
960,10.526315789473683,0.0,7.894736842105263
961,23.80952380952381,2.4390243902439024,19.04761904761905
962,12.244897959183673,4.25531914893617,12.244897959183673
963,18.75,6.666666666666667,12.5
964,32.0,0.0,24.0
965,29.213483146067414,6.896551724137931,22.47191011235955
966,5.714285714285714,0.0,5.714285714285714
967,10.0,5.128205128205128,10.0
968,4.347826086956522,0.0,4.347826086956522
969,24.390243902439025,10.256410256410255,19.51219512195122
970,2.898550724637681,0.0,2.898550724637681
971,8.333333333333332,0.0,8.333333333333332
972,33.33333333333333,25.000000000000007,33.33333333333333
973,41.17647058823529,25.0,35.294117647058826
974,6.521739130434782,0.0,6.521739130434782
975,38.46153846153846,8.333333333333332,15.384615384615383
976,0.0,0.0,0.0
977,10.526315789473685,0.0,10.526315789473685
978,17.857142857142858,7.4074074074074066,14.285714285714285
979,17.77777777777778,0.0,13.333333333333334
980,17.241379310344826,0.0,13.793103448275861
981,11.904761904761903,0.0,7.142857142857142
982,40.0,30.769230769230766,40.0
983,18.367346938775512,4.166666666666666,12.244897959183675
984,5.882352941176471,0.0,5.882352941176471
985,15.384615384615385,6.349206349206349,12.307692307692308
986,21.818181818181817,11.320754716981133,18.18181818181818
987,7.2992700729927,1.4814814814814816,4.3795620437956195
988,10.526315789473683,5.555555555555555,10.526315789473683
989,6.666666666666667,0.0,3.8095238095238098
990,9.090909090909092,3.125,9.090909090909092
991,6.8181818181818175,2.3255813953488373,6.8181818181818175
992,2.4096385542168672,0.0,2.4096385542168672
993,6.8181818181818175,0.0,4.545454545454546
994,20.0,10.526315789473685,20.0
995,8.053691275167786,1.3605442176870748,5.369127516778523
996,11.320754716981131,3.9215686274509802,7.547169811320753
997,8.536585365853657,6.17283950617284,8.536585365853657
998,35.55555555555555,18.6046511627907,31.11111111111111
999,8.219178082191782,0.0,8.219178082191782
1000,9.523809523809526,0.0,9.523809523809526
1001,1.5999999999999996,0.0,1.5999999999999996
1002,9.230769230769232,0.0,6.153846153846153
1003,9.803921568627452,4.0,7.8431372549019605
1004,20.77922077922078,18.666666666666668,20.77922077922078
1005,21.052631578947366,2.1505376344086025,12.63157894736842
1006,0.0,0.0,0.0
1007,0.0,0.0,0.0
1008,15.384615384615383,12.000000000000002,15.384615384615383
1009,22.641509433962266,0.0,11.320754716981133
1010,13.333333333333334,6.818181818181819,11.11111111111111
1011,12.903225806451612,6.896551724137931,12.903225806451612
1012,6.422018348623854,0.0,4.587155963302751
1013,6.451612903225806,0.0,6.451612903225806
1014,27.160493827160494,7.59493670886076,19.753086419753085
1015,4.137931034482759,1.3986013986013985,4.137931034482759
1016,10.810810810810812,5.714285714285714,10.810810810810812
1017,16.666666666666668,0.0,13.333333333333334
1018,12.5,2.127659574468085,10.416666666666668
1019,19.51219512195122,5.128205128205128,19.51219512195122
1020,28.57142857142857,16.666666666666664,28.57142857142857
1021,2.5974025974025974,0.0,2.5974025974025974
1022,13.636363636363635,0.0,13.636363636363635
1023,4.102564102564102,3.0927835051546384,4.102564102564102
1024,12.087912087912086,4.444444444444445,9.89010989010989
1025,17.24137931034483,0.0,13.793103448275865
1026,23.076923076923077,0.0,15.384615384615385
1027,21.62162162162162,5.714285714285714,21.62162162162162
1028,0.0,0.0,0.0
1029,7.547169811320755,0.0,7.547169811320755
1030,13.559322033898304,0.0,13.559322033898304
1031,10.526315789473685,0.0,7.017543859649124
1032,21.875,9.67741935483871,21.875
1033,9.25925925925926,3.7735849056603774,9.25925925925926
1034,21.052631578947363,11.76470588235294,21.052631578947363
1035,48.27586206896553,39.285714285714285,48.27586206896553
1036,16.901408450704224,11.594202898550726,16.901408450704224
1037,4.878048780487805,0.0,2.4390243902439024
1038,0.0,0.0,0.0
1039,20.0,0.0,13.333333333333334
1040,5.405405405405405,0.0,5.405405405405405
1041,25.0,9.09090909090909,16.666666666666664
1042,5.555555555555555,0.0,5.555555555555555
1043,14.814814814814817,0.0,14.814814814814817
1044,16.27906976744186,4.761904761904762,11.627906976744185
1045,16.0,0.0,16.0
1046,15.748031496062993,7.999999999999999,15.748031496062993
1047,20.2020202020202,12.371134020618557,18.181818181818183
1048,27.906976744186046,4.878048780487805,18.6046511627907
1049,20.51282051282051,5.405405405405406,15.384615384615385
1050,16.129032258064516,0.0,12.903225806451612
1051,4.166666666666667,0.0,4.166666666666667
1052,26.31578947368421,5.555555555555555,21.05263157894737
1053,21.276595744680847,4.4444444444444455,12.76595744680851
1054,18.75,6.451612903225806,15.625
1055,23.376623376623378,13.333333333333334,23.376623376623378
1056,15.909090909090908,4.651162790697675,13.636363636363638
1057,4.2328042328042335,3.2085561497326207,4.2328042328042335
1058,13.636363636363635,4.761904761904762,9.090909090909092
1059,7.79220779220779,2.666666666666667,5.194805194805195
1060,38.70967741935483,27.586206896551722,38.70967741935483
1061,8.333333333333332,0.0,8.333333333333332
1062,26.31578947368421,16.216216216216218,23.684210526315788
1063,24.137931034482758,21.428571428571427,24.137931034482758
1064,8.695652173913043,0.0,8.695652173913043
1065,10.526315789473685,0.0,10.526315789473685
1066,29.411764705882355,12.5,29.411764705882355
1067,5.405405405405405,0.0,5.405405405405405
1068,11.650485436893204,1.9801980198019806,9.70873786407767
1069,8.0,0.0,8.0
1070,25.0,0.0,18.75
1071,23.52941176470588,0.0,17.647058823529413
1072,20.0,10.526315789473683,20.0
1073,11.76470588235294,9.09090909090909,11.76470588235294
1074,9.6,1.6260162601626014,8.0
1075,21.73913043478261,4.545454545454545,17.391304347826086
1076,16.666666666666664,11.76470588235294,16.666666666666664
1077,17.24137931034483,3.571428571428571,13.793103448275861
1078,22.222222222222225,0.0,7.4074074074074066
1079,15.0,10.526315789473685,15.0
1080,31.57894736842105,0.0,21.05263157894737
1081,0.0,0.0,0.0
1082,53.333333333333336,42.85714285714285,53.333333333333336
1083,13.636363636363638,0.0,13.636363636363638
1084,0.0,0.0,0.0
1085,5.88235294117647,0.0,5.88235294117647
1086,15.384615384615383,0.0,15.384615384615383
1087,0.0,0.0,0.0
1088,6.382978723404256,0.0,6.382978723404256
1089,16.0,4.166666666666666,8.0
1090,11.428571428571429,6.0606060606060606,11.428571428571429
1091,0.0,0.0,0.0
1092,8.888888888888888,0.0,8.888888888888888
1093,6.0606060606060606,0.0,6.0606060606060606
1094,41.666666666666664,18.18181818181818,41.666666666666664
1095,10.0,0.0,10.0
1096,38.0952380952381,0.0,28.571428571428566
1097,36.36363636363637,0.0,27.27272727272727
1098,11.347517730496454,7.194244604316548,11.347517730496454
1099,14.14141414141414,4.123711340206185,12.12121212121212
1100,3.1746031746031744,0.0,3.1746031746031744
1101,8.955223880597014,0.0,5.970149253731344
1102,4.444444444444444,0.0,4.444444444444444
1103,3.225806451612903,0.0,3.225806451612903
1104,1.6528925619834711,0.0,1.6528925619834711
1105,36.84210526315789,22.22222222222222,36.84210526315789
1106,9.302325581395348,4.878048780487805,9.302325581395348
1107,10.526315789473681,3.6363636363636362,10.526315789473681
1108,9.900990099009901,2.0202020202020203,7.9207920792079225
1109,13.592233009708737,3.9603960396039604,9.708737864077671
1110,22.22222222222222,12.5,22.22222222222222
1111,18.867924528301884,15.686274509803921,15.09433962264151
1112,11.494252873563218,0.0,6.896551724137931
1113,15.094339622641511,0.0,11.320754716981133
1114,4.8192771084337345,0.0,2.4096385542168672
1115,10.81081081081081,0.0,10.81081081081081
1116,0.0,0.0,0.0
1117,10.9375,4.761904761904763,9.374999999999998
1118,14.035087719298245,3.6363636363636362,14.035087719298245
1119,13.333333333333334,6.896551724137931,13.333333333333334
1120,19.51219512195122,10.256410256410255,14.634146341463413
1121,5.797101449275363,0.0,5.797101449275363
1122,4.878048780487805,0.0,4.878048780487805
1123,28.57142857142857,0.0,14.285714285714285
1124,10.0,0.0,5.0
1125,15.384615384615383,0.0,15.384615384615383
1126,45.45454545454545,25.000000000000007,27.27272727272727
1127,41.66666666666667,9.090909090909092,25.0
1128,24.39024390243902,10.256410256410255,14.634146341463413
1129,18.18181818181818,0.0,18.18181818181818
1130,24.390243902439025,15.384615384615383,19.51219512195122
1131,40.0,7.142857142857142,26.666666666666668
1132,12.765957446808512,0.0,8.51063829787234
1133,0.0,0.0,0.0
1134,22.222222222222225,13.953488372093023,13.333333333333334
1135,26.08695652173913,0.0,17.39130434782609
1136,6.25,0.0,6.25
1137,8.333333333333334,4.255319148936171,6.25
1138,20.0,0.0,12.0
1139,12.244897959183671,0.0,12.244897959183671
1140,9.411764705882355,0.0,7.0588235294117645
1141,13.91304347826087,5.3097345132743365,10.434782608695652
1142,21.428571428571427,7.692307692307692,21.428571428571427
1143,5.714285714285714,0.0,5.714285714285714
1144,12.5,3.225806451612903,12.5
1145,9.70873786407767,3.96039603960396,9.70873786407767
1146,0.0,0.0,0.0
1147,9.722222222222221,4.225352112676056,9.722222222222221
1148,8.16326530612245,2.0833333333333335,6.122448979591836
1149,0.0,0.0,0.0
1150,21.91780821917808,8.450704225352112,21.91780821917808
1151,16.216216216216214,11.428571428571429,16.216216216216214
1152,0.0,0.0,0.0
1153,7.142857142857142,0.0,7.142857142857142
1154,11.864406779661017,5.172413793103449,10.169491525423728
1155,15.789473684210526,0.0,10.526315789473683
1156,16.666666666666668,0.0,10.0
1157,25.0,0.0,12.5
1158,13.86138613861386,4.040404040404041,9.900990099009901
1159,61.11111111111111,29.411764705882355,50.0
1160,17.58241758241758,6.7415730337078665,15.384615384615383
1161,30.769230769230766,16.666666666666664,23.076923076923077
1162,27.586206896551722,7.4074074074074066,20.689655172413794
1163,18.556701030927833,2.105263157894737,12.371134020618555
1164,7.5,2.5641025641025643,7.5
1165,5.633802816901409,2.857142857142857,5.633802816901409
1166,34.78260869565217,22.727272727272727,26.086956521739125
1167,11.320754716981133,3.846153846153846,9.433962264150942
1168,22.727272727272727,0.0,13.636363636363638
1169,11.594202898550723,8.823529411764707,10.144927536231885
1170,24.793388429752067,10.084033613445378,16.52892561983471
1171,13.333333333333334,0.0,13.333333333333334
1172,8.333333333333334,3.389830508474576,8.333333333333334
1173,25.0,18.181818181818183,25.0
1174,0.0,0.0,0.0
1175,19.565217391304348,6.666666666666667,17.391304347826082
1176,20.0,7.692307692307692,15.0
1177,4.566210045662101,0.9216589861751152,4.566210045662101
1178,7.6923076923076925,3.9215686274509802,7.6923076923076925
1179,9.523809523809524,0.0,9.523809523809524
1180,12.244897959183673,1.3793103448275863,8.16326530612245
1181,18.181818181818183,6.451612903225806,18.181818181818183
1182,11.940298507462687,9.23076923076923,11.940298507462687
1183,19.672131147540988,6.779661016949154,16.393442622950822
1184,19.51219512195122,0.0,14.634146341463413
1185,15.0,0.0,10.0
1186,25.0,0.0,16.666666666666664
1187,17.857142857142858,7.407407407407406,17.857142857142858
1188,11.235955056179774,6.896551724137931,11.235955056179774
1189,18.181818181818183,0.0,18.181818181818183
1190,11.11111111111111,0.0,11.11111111111111
1191,30.303030303030297,0.0,24.24242424242424
1192,10.317460317460318,5.6000000000000005,9.523809523809526
1193,14.285714285714283,2.941176470588235,8.571428571428571
1194,29.629629629629626,8.0,14.814814814814813
1195,12.500000000000004,0.0,12.500000000000004
1196,20.0,11.11111111111111,20.0
1197,11.214953271028037,5.714285714285714,11.214953271028037
1198,20.51282051282051,0.0,10.256410256410255
1199,0.0,0.0,0.0
1200,15.384615384615385,3.1746031746031744,9.230769230769232
1201,19.607843137254903,0.0,19.607843137254903
1202,26.666666666666668,14.285714285714288,20.0
1203,0.0,0.0,0.0
1204,2.898550724637681,0.0,2.898550724637681
1205,25.000000000000007,0.0,18.749999999999996
1206,12.698412698412698,3.278688524590164,9.523809523809526
1207,0.0,0.0,0.0
1208,11.594202898550725,0.0,8.695652173913045
1209,10.169491525423728,3.508771929824561,10.169491525423728
1210,8.695652173913043,0.0,8.695652173913043
1211,31.57894736842105,11.764705882352942,21.05263157894737
1212,30.76923076923077,16.666666666666664,30.76923076923077
1213,11.11111111111111,5.88235294117647,11.11111111111111
1214,15.625,7.936507936507936,10.9375
1215,11.235955056179774,4.597701149425286,11.235955056179774
1216,17.24137931034483,3.571428571428571,13.793103448275865
1217,25.0,0.0,25.0
1218,10.958904109589044,0.0,8.21917808219178
1219,11.347517730496454,7.194244604316548,11.347517730496454
1220,20.183486238532108,11.214953271028039,11.009174311926607
1221,13.953488372093023,0.0,13.953488372093023
1222,30.0,0.0,30.0
1223,26.086956521739136,5.970149253731343,17.391304347826086
1224,10.447761194029852,7.575757575757574,10.447761194029852
1225,29.268292682926834,0.0,14.634146341463417
1226,9.433962264150944,0.0,7.547169811320753
1227,14.705882352941178,0.0,11.76470588235294
1228,8.06451612903226,1.639344262295082,6.451612903225805
1229,12.307692307692307,3.1746031746031744,12.307692307692307
1230,0.0,0.0,0.0
1231,6.8181818181818175,0.0,4.545454545454546
1232,26.666666666666668,9.30232558139535,17.77777777777778
1233,18.181818181818183,0.0,18.181818181818183
1234,11.76470588235294,0.0,11.76470588235294
1235,5.2631578947368425,0.0,5.2631578947368425
1236,20.0,7.142857142857142,20.0
1237,20.689655172413797,0.0,20.689655172413797
1238,10.309278350515463,8.421052631578947,10.309278350515463
1239,20.51282051282051,5.405405405405406,15.384615384615385
1240,15.000000000000002,10.526315789473683,15.000000000000002
1241,33.33333333333333,12.5,22.222222222222225
1242,28.57142857142857,0.0,21.428571428571427
1243,16.12903225806452,10.0,16.12903225806452
1244,26.31578947368421,0.0,21.052631578947366
1245,23.076923076923077,8.333333333333334,23.076923076923077
1246,13.836477987421384,3.821656050955414,8.80503144654088
1247,12.987012987012989,8.0,10.38961038961039
1248,36.36363636363637,20.0,36.36363636363637
1249,23.076923076923077,2.631578947368421,15.384615384615385
1250,11.11111111111111,5.7142857142857135,8.333333333333332
1251,6.557377049180328,0.0,6.557377049180328
1252,3.125,0.0,3.125
1253,19.354838709677416,6.896551724137931,19.354838709677416
1254,5.555555555555555,2.8169014084507045,5.555555555555555
1255,5.405405405405405,0.0,5.405405405405405
1256,19.04761904761905,10.526315789473683,19.04761904761905
1257,8.333333333333332,0.0,8.333333333333332
1258,19.753086419753085,10.0,17.283950617283953
1259,40.0,15.789473684210526,40.0
1260,22.58064516129032,6.666666666666667,22.58064516129032
1261,10.0,0.0,10.0
1262,12.244897959183671,4.25531914893617,12.244897959183671
1263,33.33333333333333,14.285714285714285,26.666666666666668
1264,26.0,12.244897959183675,21.999999999999996
1265,23.52941176470588,6.25,23.52941176470588
1266,30.76923076923077,16.666666666666664,23.076923076923077
1267,16.3265306122449,4.25531914893617,16.3265306122449
1268,18.6046511627907,4.878048780487805,18.6046511627907
1269,13.79310344827586,0.0,6.89655172413793
1270,15.909090909090907,11.627906976744187,13.636363636363635
1271,16.393442622950825,0.0,13.114754098360654
1272,9.523809523809526,6.557377049180328,9.523809523809526
1273,35.41666666666667,10.638297872340427,22.916666666666664
1274,17.02127659574468,8.888888888888891,17.02127659574468
1275,4.37956204379562,0.0,2.9197080291970807
1276,28.57142857142857,10.0,19.047619047619047
1277,37.83783783783783,5.714285714285714,21.62162162162162
1278,3.508771929824562,0.0,3.508771929824562
1279,8.771929824561402,1.785714285714286,7.017543859649124
1280,4.324324324324324,1.092896174863388,4.324324324324324
1281,24.32432432432432,16.666666666666664,24.32432432432432
1282,16.0,0.0,12.0
1283,38.46153846153846,16.666666666666668,38.46153846153846
1284,9.75609756097561,0.0,9.75609756097561
1285,27.27272727272727,0.0,18.181818181818183
1286,34.28571428571428,2.941176470588235,28.57142857142857
1287,0.0,0.0,0.0
1288,6.666666666666667,2.272727272727273,6.666666666666667
1289,8.612440191387561,4.8309178743961345,8.612440191387561
1290,12.048192771084338,2.4691358024691357,9.63855421686747
1291,21.62162162162162,11.11111111111111,18.918918918918916
1292,40.0,8.695652173913043,40.0
1293,30.76923076923077,16.0,26.923076923076923
1294,16.39344262295082,0.0,9.836065573770494
1295,11.111111111111112,0.0,11.111111111111112
1296,32.35294117647059,15.151515151515152,26.47058823529412
1297,14.084507042253522,11.594202898550725,14.084507042253522
1298,24.0,17.391304347826086,24.0
1299,5.405405405405405,0.0,5.405405405405405
1300,20.0,0.0,16.0
1301,12.76595744680851,0.0,12.76595744680851
1302,21.73913043478261,9.090909090909092,21.73913043478261
1303,20.0,0.0,10.0
1304,20.0,0.0,20.0
1305,45.45454545454545,10.0,27.27272727272727
1306,25.0,10.526315789473685,20.0
1307,4.651162790697674,0.0,4.651162790697674
1308,20.0,7.142857142857142,13.333333333333334
1309,16.94915254237288,8.0,14.689265536723164
1310,0.0,0.0,0.0
1311,10.526315789473681,0.0,7.894736842105261
1312,29.411764705882348,12.5,23.52941176470588
1313,8.695652173913041,0.0,5.797101449275363
1314,17.322834645669293,9.6,14.173228346456693
1315,20.454545454545457,11.627906976744185,15.909090909090907
1316,13.157894736842103,2.7027027027027026,13.157894736842103
1317,20.979020979020984,14.184397163120565,19.58041958041958
1318,17.142857142857146,0.0,17.142857142857146
1319,27.2108843537415,12.413793103448278,21.768707482993197
1320,5.0,1.2658227848101267,3.75
1321,11.76470588235294,0.0,9.411764705882353
1322,16.216216216216214,5.714285714285714,10.81081081081081
1323,0.0,0.0,0.0
1324,13.559322033898304,7.017543859649122,13.559322033898304
1325,13.043478260869565,4.545454545454546,13.043478260869565
1326,22.727272727272727,4.761904761904763,13.636363636363635
1327,9.836065573770494,0.0,9.836065573770494
1328,20.253164556962027,7.792207792207792,15.189873417721516
1329,14.285714285714285,3.7037037037037033,14.285714285714285
1330,15.384615384615385,0.0,15.384615384615385
1331,19.230769230769234,8.000000000000002,15.384615384615385
1332,10.95890410958904,0.0,8.219178082191782
1333,11.111111111111112,3.7735849056603774,9.25925925925926
1334,12.903225806451612,0.0,12.903225806451612
1335,26.666666666666668,4.651162790697675,22.22222222222222
1336,5.031446540880503,1.2738853503184715,5.031446540880503
1337,12.5,3.225806451612903,9.375
1338,8.620689655172415,3.508771929824562,8.620689655172415
1339,12.371134020618557,8.421052631578947,12.371134020618557
1340,19.51219512195122,5.128205128205128,9.75609756097561
1341,16.091954022988507,7.0588235294117645,16.091954022988507
1342,16.43835616438356,5.633802816901409,13.698630136986301
1343,10.8843537414966,4.137931034482758,8.16326530612245
1344,26.31578947368421,16.216216216216218,23.684210526315788
1345,28.915662650602407,12.345679012345677,26.506024096385538
1346,30.769230769230766,5.405405405405405,20.51282051282051
1347,2.9850746268656714,0.0,2.9850746268656714
1348,30.357142857142854,10.909090909090908,23.21428571428572
1349,10.81081081081081,0.0,10.81081081081081
1350,4.878048780487805,0.0,4.878048780487805
1351,18.6046511627907,4.878048780487805,13.953488372093023
1352,14.492753623188403,0.0,8.695652173913043
1353,20.0,8.333333333333334,12.0
1354,8.333333333333332,0.0,8.333333333333332
1355,9.30232558139535,0.0,4.651162790697675
1356,17.910447761194032,6.153846153846154,17.910447761194032
1357,16.666666666666668,9.090909090909092,16.666666666666668
1358,21.62162162162162,0.0,21.62162162162162
1359,14.285714285714285,0.0,14.285714285714285
1360,25.0,0.0,20.000000000000004
1361,10.126582278481013,2.5974025974025974,7.59493670886076
1362,7.6923076923076925,1.9607843137254901,7.6923076923076925
1363,15.0,0.0,10.0
1364,14.814814814814813,0.0,7.4074074074074066
1365,9.09090909090909,0.0,9.09090909090909
1366,0.0,0.0,0.0
1367,22.22222222222222,0.0,14.814814814814813
1368,15.789473684210527,5.555555555555555,10.526315789473685
1369,8.695652173913045,0.0,8.695652173913045
1370,8.791208791208792,2.247191011235955,6.593406593406594
1371,20.833333333333336,4.3478260869565215,12.5
1372,17.777777777777775,4.651162790697675,17.777777777777775
1373,10.714285714285712,3.703703703703703,10.714285714285712
1374,7.4074074074074066,0.0,7.4074074074074066
1375,28.57142857142857,15.384615384615383,21.428571428571427
1376,0.0,0.0,0.0
1377,15.09433962264151,3.9215686274509802,15.09433962264151
1378,10.526315789473683,2.702702702702703,7.894736842105264
1379,20.77922077922078,10.666666666666666,15.584415584415584
1380,16.666666666666668,5.660377358490566,14.814814814814813
1381,23.30097087378641,3.9603960396039604,19.41747572815534
1382,20.0,0.0,13.333333333333334
1383,4.878048780487805,1.6528925619834711,4.878048780487805
1384,12.307692307692307,3.1746031746031744,12.307692307692307
1385,16.666666666666668,2.127659574468085,14.583333333333332
1386,12.5,2.564102564102564,10.0
1387,8.771929824561402,3.571428571428571,3.508771929824561
1388,11.494252873563218,4.705882352941177,11.494252873563218
1389,43.47826086956522,9.523809523809526,26.08695652173913
1390,18.181818181818183,6.451612903225806,12.12121212121212
1391,19.354838709677416,0.0,12.903225806451612
1392,7.2727272727272725,0.0,3.6363636363636362
1393,11.428571428571429,2.941176470588235,8.571428571428573
1394,10.256410256410255,0.0,10.256410256410255
1395,12.371134020618557,10.526315789473683,12.371134020618557
1396,8.333333333333334,3.389830508474576,8.333333333333334
1397,21.73913043478261,4.545454545454546,8.695652173913043
1398,30.769230769230766,0.0,30.769230769230766
1399,17.073170731707314,7.5,12.19512195121951
1400,5.797101449275362,2.9850746268656714,5.797101449275362
1401,23.42342342342342,9.174311926605503,18.01801801801802
1402,15.789473684210526,5.405405405405406,7.894736842105263
1403,10.434782608695652,5.3097345132743365,10.434782608695652
1404,11.11111111111111,0.0,11.11111111111111
1405,3.1007751937984493,0.0,1.5503875968992247
1406,8.547008547008547,3.478260869565218,8.547008547008547
1407,8.75,0.0,7.5
1408,20.454545454545457,4.651162790697675,15.909090909090908
1409,0.0,0.0,0.0
1410,29.629629629629633,0.0,18.51851851851852
1411,11.11111111111111,0.0,11.11111111111111
1412,18.18181818181818,0.0,9.09090909090909
1413,0.0,0.0,0.0
1414,13.95348837209302,4.878048780487805,13.95348837209302
1415,8.333333333333334,0.0,8.333333333333334
1416,25.396825396825395,16.39344262295082,25.396825396825395
1417,16.666666666666664,5.88235294117647,11.11111111111111
1418,17.20430107526882,4.395604395604396,12.903225806451612
1419,16.216216216216214,0.0,16.216216216216214
1420,18.666666666666664,5.47945205479452,10.666666666666668
1421,7.142857142857142,0.0,7.142857142857142
1422,8.333333333333332,0.0,6.25
1423,0.0,0.0,0.0
1424,4.2105263157894735,0.0,4.2105263157894735
1425,29.268292682926834,20.51282051282051,29.268292682926834
1426,30.0,0.0,20.0
1427,10.256410256410255,0.0,10.256410256410255
1428,0.0,0.0,0.0
1429,51.85185185185185,48.00000000000001,51.85185185185185
1430,7.017543859649122,1.785714285714286,7.017543859649122
1431,22.727272727272727,0.0,18.181818181818183
1432,32.35294117647059,15.151515151515152,23.52941176470588
1433,10.526315789473681,2.7027027027027026,7.894736842105261
1434,14.285714285714288,0.0,7.142857142857144
1435,17.77777777777778,4.651162790697675,17.77777777777778
1436,19.444444444444446,11.267605633802818,15.277777777777779
1437,16.000000000000004,0.0,16.000000000000004
1438,20.68965517241379,0.0,17.24137931034483
1439,30.0,10.526315789473683,25.0
1440,6.666666666666667,0.0,6.666666666666667
1441,20.0,0.0,20.0
1442,6.25,2.127659574468085,4.166666666666666
1443,12.5,0.0,9.375
1444,14.814814814814813,3.846153846153846,14.814814814814813
1445,27.027027027027028,0.0,21.62162162162162
1446,16.666666666666668,10.344827586206897,13.333333333333334
1447,13.793103448275861,7.142857142857144,10.344827586206897
1448,20.51282051282051,0.0,10.256410256410255
1449,13.043478260869565,4.545454545454546,8.695652173913045
1450,20.0,10.344827586206897,13.333333333333334
1451,45.45454545454546,40.0,45.45454545454546
1452,13.953488372093023,0.0,13.953488372093023
1453,22.950819672131146,10.169491525423728,22.950819672131146
1454,11.428571428571429,0.0,11.428571428571429
1455,16.16161616161616,2.061855670103093,14.14141414141414
1456,38.46153846153846,5.88235294117647,21.15384615384615
1457,8.21917808219178,2.8169014084507045,8.21917808219178
1458,14.634146341463413,0.0,9.75609756097561
1459,15.625,6.451612903225805,15.625
1460,40.0,7.142857142857142,26.666666666666668
1461,7.142857142857144,0.0,7.142857142857144
1462,18.181818181818183,0.0,9.090909090909092
1463,0.0,0.0,0.0
1464,68.42105263157895,66.66666666666666,68.42105263157895
1465,33.33333333333333,18.181818181818183,25.0
1466,25.0,0.0,25.0
1467,9.523809523809524,4.878048780487805,9.523809523809524
1468,17.39130434782609,0.0,13.043478260869565
1469,19.047619047619047,5.0,14.285714285714288
1470,18.749999999999996,0.0,12.500000000000004
1471,24.999999999999993,0.0,16.666666666666668
1472,13.008130081300811,6.6115702479338845,11.38211382113821
1473,14.814814814814817,3.846153846153846,14.814814814814817
1474,3.9215686274509802,0.0,3.9215686274509802
1475,8.695652173913043,0.0,8.695652173913043
1476,15.789473684210526,8.108108108108109,13.157894736842104
1477,31.372549019607842,4.081632653061225,27.450980392156865
1478,22.950819672131146,3.389830508474576,22.950819672131146
1479,21.05263157894737,5.555555555555555,15.789473684210526
1480,9.75609756097561,0.0,9.75609756097561
1481,56.00000000000001,26.086956521739125,31.999999999999996
1482,9.09090909090909,0.0,9.09090909090909
1483,3.4782608695652173,0.0,3.4782608695652173
1484,21.428571428571427,0.0,14.285714285714288
1485,11.11111111111111,0.0,7.4074074074074066
1486,6.666666666666667,0.0,6.666666666666667
1487,32.0,0.0,32.0
1488,0.0,0.0,0.0
1489,9.75609756097561,0.0,9.75609756097561
1490,14.814814814814813,0.0,14.814814814814813
1491,3.508771929824561,0.0,3.508771929824561
1492,12.5,0.0,12.5
1493,19.047619047619044,0.0,9.523809523809522
1494,32.53012048192771,29.268292682926834,31.32530120481928
1495,11.11111111111111,0.0,7.407407407407406
1496,8.0,4.0816326530612255,8.0
1497,19.04761904761905,13.114754098360656,19.04761904761905
1498,9.411764705882353,0.0,9.411764705882353
1499,12.244897959183671,0.0,12.244897959183671
1500,11.764705882352942,0.0,11.764705882352942
1501,22.641509433962266,0.0,11.320754716981133
1502,10.526315789473685,5.555555555555555,10.526315789473685
1503,30.188679245283012,7.843137254901962,22.641509433962263
1504,2.3529411764705883,0.0,2.3529411764705883
1505,0.0,0.0,0.0
1506,8.866995073891626,1.9900497512437811,6.896551724137931
1507,3.7735849056603774,0.0,3.7735849056603774
1508,4.3478260869565215,0.0,4.3478260869565215
1509,23.30097087378641,5.94059405940594,21.35922330097087
1510,0.0,0.0,0.0
1511,0.0,0.0,0.0
1512,8.695652173913043,0.0,8.695652173913043
1513,45.16129032258064,20.689655172413794,32.25806451612903
1514,10.126582278481013,0.0,10.126582278481013
1515,14.285714285714285,0.0,14.285714285714285
1516,28.57142857142857,0.0,19.047619047619047
1517,14.285714285714285,4.878048780487806,14.285714285714285
1518,25.37313432835821,9.09090909090909,17.91044776119403
1519,6.666666666666667,2.272727272727273,6.666666666666667
1520,7.017543859649122,1.785714285714286,7.017543859649122
1521,10.126582278481013,0.0,7.59493670886076
1522,21.05263157894737,0.0,15.789473684210527
1523,38.70967741935483,6.896551724137931,25.806451612903224
1524,35.29411764705882,13.333333333333334,35.29411764705882
1525,6.349206349206349,0.0,6.349206349206349
1526,10.0,0.0,10.0
1527,11.428571428571429,0.9615384615384616,7.619047619047619
1528,14.545454545454547,3.7735849056603774,10.909090909090908
1529,5.405405405405405,0.0,5.405405405405405
1530,0.0,0.0,0.0
1531,32.0,0.0,24.0
1532,40.0,21.052631578947366,35.0
1533,5.970149253731343,3.0303030303030303,5.970149253731343
1534,27.906976744186046,14.634146341463417,27.906976744186046
1535,0.0,0.0,0.0
1536,23.52941176470588,12.5,17.64705882352941
1537,10.38961038961039,8.0,10.38961038961039
1538,35.29411764705882,0.0,23.52941176470588
1539,15.217391304347824,0.0,8.695652173913045
1540,17.910447761194032,6.153846153846153,11.940298507462686
1541,17.64705882352941,0.0,17.64705882352941
1542,17.142857142857142,0.0,17.142857142857142
1543,15.999999999999998,0.0,15.999999999999998
1544,11.904761904761903,4.878048780487805,11.904761904761903
1545,8.333333333333334,0.0,8.333333333333334
1546,13.793103448275865,2.3529411764705883,11.494252873563218
1547,12.765957446808512,8.88888888888889,12.765957446808512
1548,17.64705882352941,9.090909090909092,11.76470588235294
1549,10.958904109589042,0.0,8.219178082191782
1550,22.222222222222225,6.557377049180327,12.698412698412701
1551,0.0,0.0,0.0
1552,16.666666666666664,0.0,8.333333333333332
1553,5.405405405405405,0.0,5.405405405405405
1554,18.18181818181818,0.0,18.18181818181818
1555,27.027027027027028,17.142857142857142,27.027027027027028
1556,0.0,0.0,0.0
1557,26.666666666666668,0.0,20.0
1558,32.432432432432435,22.857142857142858,27.027027027027028
1559,32.25806451612903,3.3333333333333335,19.35483870967742
1560,0.0,0.0,0.0
1561,11.76470588235294,4.081632653061225,7.8431372549019605
1562,14.084507042253522,2.898550724637681,11.267605633802818
1563,42.857142857142854,7.692307692307692,35.714285714285715
1564,32.25806451612903,6.896551724137931,32.25806451612903
1565,14.285714285714285,0.0,7.142857142857142
1566,16.666666666666664,0.0,11.11111111111111
1567,10.126582278481013,0.0,7.59493670886076
1568,14.705882352941174,0.0,8.823529411764707
1569,19.354838709677416,6.666666666666667,16.129032258064516
1570,16.0,4.166666666666666,12.000000000000002
1571,15.789473684210526,5.555555555555555,15.789473684210526
1572,19.354838709677416,0.0,19.354838709677416
1573,6.329113924050632,1.282051282051282,5.063291139240507
1574,16.949152542372882,3.508771929824562,13.559322033898304
1575,20.0,8.333333333333332,12.941176470588237
1576,10.714285714285714,3.7037037037037033,10.714285714285714
1577,16.0,0.0,8.0
1578,17.14285714285714,5.882352941176471,8.57142857142857
1579,13.793103448275861,7.142857142857142,13.793103448275861
1580,18.461538461538463,9.523809523809524,15.384615384615385
1581,16.0,4.166666666666666,12.0
1582,19.999999999999996,4.166666666666666,19.999999999999996
1583,7.339449541284404,0.0,5.5045871559633035
1584,14.285714285714285,10.0,14.285714285714285
1585,6.185567010309278,2.105263157894737,6.185567010309278
1586,8.0,0.0,8.0
1587,7.894736842105261,0.0,7.894736842105261
1588,7.999999999999999,0.0,7.999999999999999
1589,8.333333333333332,0.0,2.777777777777778
1590,20.0,0.0,20.0
1591,25.806451612903224,0.0,25.806451612903224
1592,15.384615384615383,0.0,10.256410256410255
1593,11.76470588235294,6.0606060606060606,11.76470588235294
1594,27.272727272727277,10.0,27.272727272727277
1595,0.0,0.0,0.0
1596,34.48275862068965,7.407407407407408,34.48275862068965
1597,18.181818181818183,0.0,12.727272727272728
1598,26.666666666666668,7.142857142857142,26.666666666666668
1599,15.503875968992247,3.149606299212598,10.852713178294573
1600,13.043478260869565,4.545454545454546,13.043478260869565
1601,12.12121212121212,3.125,12.12121212121212
1602,42.85714285714285,20.0,28.571428571428577
1603,21.052631578947366,0.0,10.526315789473683
1604,13.333333333333334,0.0,6.666666666666667
1605,3.6036036036036037,0.0,3.6036036036036037
1606,36.36363636363637,0.0,18.181818181818183
1607,4.081632653061225,0.0,4.081632653061225
1608,24.69135802469136,2.5316455696202533,17.28395061728395
1609,15.384615384615385,0.0,15.384615384615385
1610,14.678899082568808,9.345794392523366,11.009174311926605
1611,14.814814814814813,0.0,14.814814814814813
1612,26.666666666666668,4.651162790697675,26.666666666666668
1613,41.66666666666667,18.181818181818183,33.33333333333333
1614,9.195402298850576,0.0,6.89655172413793
1615,19.444444444444446,5.714285714285714,19.444444444444446
1616,23.52941176470588,12.048192771084336,18.823529411764707
1617,20.8955223880597,3.0769230769230775,14.925373134328357
1618,19.04761904761905,0.0,9.523809523809526
1619,24.242424242424246,6.451612903225808,24.242424242424246
1620,21.568627450980394,8.0,19.607843137254903
1621,21.73913043478261,17.77777777777778,21.73913043478261
1622,15.238095238095237,11.650485436893202,15.238095238095237
1623,24.24242424242424,15.625,12.12121212121212
1624,15.0,0.0,10.0
1625,10.714285714285712,3.703703703703703,10.714285714285712
1626,10.90909090909091,0.0,10.90909090909091
1627,10.526315789473683,0.0,10.526315789473683
1628,14.0625,3.1746031746031744,12.5
1629,9.615384615384615,3.9215686274509802,7.6923076923076925
1630,9.625668449197862,4.324324324324325,8.556149732620321
1631,15.151515151515152,0.0,12.12121212121212
1632,13.846153846153847,6.25,7.692307692307692
1633,15.384615384615385,0.0,11.538461538461538
1634,32.098765432098766,12.658227848101266,22.222222222222218
1635,11.650485436893204,7.920792079207921,11.650485436893204
1636,9.302325581395348,0.0,4.651162790697674
1637,7.792207792207792,0.0,7.792207792207792
1638,5.0,0.0,5.0
1639,35.714285714285715,7.6923076923076925,28.571428571428577
1640,25.0,0.0,25.0
1641,27.027027027027028,0.0,21.62162162162162
1642,7.2727272727272725,0.0,5.454545454545454
1643,18.18181818181818,0.0,15.151515151515149
1644,24.242424242424246,0.0,18.181818181818183
1645,11.76470588235294,0.0,11.76470588235294
1646,22.727272727272727,4.761904761904762,13.636363636363638
1647,10.344827586206897,0.0,6.896551724137931
1648,12.0,4.166666666666667,8.0
1649,12.765957446808512,4.347826086956521,10.638297872340425
1650,10.309278350515463,0.0,8.24742268041237
1651,17.283950617283953,10.126582278481013,17.283950617283953
1652,20.338983050847457,3.508771929824561,16.949152542372882
1653,18.750000000000004,6.666666666666667,12.5
1654,19.672131147540984,0.0,16.393442622950822
1655,64.51612903225806,48.275862068965516,58.06451612903226
1656,14.173228346456693,7.999999999999999,12.598425196850393
1657,0.0,0.0,0.0
1658,5.769230769230769,1.9607843137254901,5.769230769230769
1659,35.714285714285715,15.384615384615383,35.714285714285715
1660,29.411764705882355,26.865671641791046,29.411764705882355
1661,29.411764705882348,6.25,23.52941176470588
1662,17.85714285714286,7.4074074074074066,17.85714285714286
1663,31.007751937984494,23.622047244094485,24.8062015503876
1664,12.048192771084338,0.0,7.2289156626506035
1665,24.0,16.666666666666668,24.0
1666,11.538461538461538,0.0,11.538461538461538
1667,10.344827586206895,3.571428571428571,10.344827586206895
1668,11.881188118811883,2.02020202020202,7.920792079207921
1669,21.052631578947366,0.0,15.789473684210526
1670,7.812499999999998,3.1746031746031744,7.812499999999998
1671,20.51282051282051,10.526315789473683,17.94871794871795
1672,15.000000000000002,2.5641025641025643,10.0
1673,9.677419354838708,0.0,6.451612903225806
1674,26.47058823529412,9.090909090909092,23.52941176470588
1675,13.333333333333334,0.0,13.333333333333334
1676,32.0,8.695652173913045,32.0
1677,5.797101449275363,0.0,5.797101449275363
1678,20.869565217391305,1.7699115044247788,13.91304347826087
1679,22.22222222222222,12.500000000000004,22.22222222222222
1680,0.0,0.0,0.0
1681,24.242424242424242,0.0,12.121212121212121
1682,10.526315789473681,2.7027027027027026,7.894736842105261
1683,13.592233009708737,3.9603960396039604,9.708737864077671
1684,13.793103448275861,7.407407407407408,13.793103448275861
1685,0.0,0.0,0.0
1686,40.0,21.052631578947363,30.0
1687,10.0,0.0,10.0
1688,20.0,6.25,15.384615384615385
1689,8.16326530612245,2.083333333333334,8.16326530612245
1690,17.999999999999996,16.3265306122449,17.999999999999996
1691,32.25806451612903,18.0327868852459,25.806451612903224
1692,15.384615384615385,4.49438202247191,15.384615384615385
1693,15.384615384615385,0.0,15.384615384615385
1694,16.438356164383563,8.450704225352112,16.438356164383563
1695,32.25806451612903,13.793103448275865,25.806451612903224
1696,15.094339622641506,9.615384615384617,11.320754716981133
1697,41.66666666666667,9.090909090909092,25.0
1698,28.915662650602407,12.345679012345677,26.506024096385538
1699,11.428571428571429,3.8834951456310685,9.523809523809522
1700,15.625,3.2258064516129026,15.625
1701,44.44444444444444,0.0,33.33333333333333
1702,12.631578947368421,8.602150537634408,12.631578947368421
1703,20.51282051282051,0.0,15.384615384615383
1704,12.698412698412698,0.0,9.523809523809526
1705,16.0,5.47945205479452,16.0
1706,0.0,0.0,0.0
1707,10.0,0.0,5.0
1708,0.0,0.0,0.0
1709,7.874015748031497,3.2,7.874015748031497
1710,10.526315789473685,0.0,7.017543859649124
1711,9.523809523809524,0.0,9.523809523809524
1712,9.090909090909092,0.0,4.545454545454546
1713,6.41025641025641,0.0,5.128205128205129
1714,41.666666666666664,27.27272727272727,41.666666666666664
1715,38.0952380952381,0.0,28.57142857142857
1716,20.454545454545457,4.651162790697675,15.909090909090908
1717,9.333333333333332,5.405405405405404,9.333333333333332
1718,12.5,0.0,12.5
1719,18.181818181818183,0.0,12.12121212121212
1720,25.0,0.0,16.666666666666664
1721,27.586206896551722,10.714285714285712,20.689655172413797
1722,3.8834951456310685,1.9801980198019802,3.8834951456310685
1723,10.714285714285714,3.7037037037037033,7.142857142857142
1724,24.999999999999996,0.0,16.666666666666668
1725,5.263157894736841,0.0,5.263157894736841
1726,14.583333333333334,2.127659574468085,10.416666666666668
1727,9.523809523809526,4.838709677419354,7.936507936507936
1728,8.21917808219178,2.8169014084507045,8.21917808219178
1729,25.0,16.129032258064516,25.0
1730,13.636363636363635,0.0,9.090909090909092
1731,17.647058823529413,7.142857142857142,15.294117647058824
1732,25.80645161290323,6.896551724137931,19.35483870967742
1733,10.37037037037037,1.503759398496241,7.407407407407408
1734,11.76470588235294,0.0,11.76470588235294
1735,17.391304347826086,0.0,17.391304347826086
1736,0.0,0.0,0.0
1737,21.62162162162162,0.0,10.81081081081081
1738,7.2727272727272725,0.0,7.2727272727272725
1739,13.008130081300811,1.6528925619834711,9.75609756097561
1740,19.047619047619047,0.0,14.285714285714285
1741,27.906976744186046,14.634146341463413,23.25581395348837
1742,20.000000000000004,7.142857142857144,20.000000000000004
1743,12.76595744680851,8.695652173913043,10.638297872340425
1744,21.62162162162162,0.0,16.216216216216214
1745,23.25581395348837,9.75609756097561,13.95348837209302
1746,32.25806451612903,13.793103448275861,32.25806451612903
1747,15.584415584415584,0.0,10.38961038961039
1748,8.695652173913045,0.0,4.347826086956522
1749,7.4074074074074066,0.0,7.4074074074074066
1750,9.090909090909092,0.0,9.090909090909092
1751,12.371134020618557,4.2105263157894735,10.309278350515463
1752,7.142857142857144,0.0,7.142857142857144
1753,22.22222222222222,0.0,11.11111111111111
1754,38.46153846153846,8.333333333333332,23.076923076923077
1755,0.0,0.0,0.0
1756,2.272727272727273,0.0,2.272727272727273
1757,19.607843137254903,0.0,19.607843137254903
1758,26.08695652173913,6.666666666666667,19.565217391304344
1759,15.238095238095237,11.650485436893202,15.238095238095237
1760,8.450704225352112,2.898550724637681,8.450704225352112
1761,21.428571428571423,3.703703703703704,17.857142857142858
1762,17.647058823529413,0.0,17.647058823529413
1763,6.493506493506494,0.0,5.194805194805195
1764,7.619047619047619,0.0,5.714285714285714
1765,20.61855670103093,8.421052631578947,18.556701030927837
1766,24.242424242424246,6.451612903225806,18.181818181818183
1767,8.823529411764707,0.0,5.88235294117647
1768,44.44444444444444,7.999999999999999,29.629629629629626
1769,46.666666666666664,21.428571428571427,40.0
1770,8.333333333333334,5.714285714285714,8.333333333333334
1771,32.0,8.695652173913045,32.0
1772,16.94915254237288,8.0,14.689265536723164
1773,25.80645161290323,6.896551724137931,19.35483870967742
1774,12.0,4.166666666666667,12.0
1775,7.079646017699116,1.801801801801802,7.079646017699116
1776,0.0,0.0,0.0
1777,5.0,1.0101010101010102,5.0
1778,4.938271604938272,0.0,4.938271604938272
1779,41.666666666666664,36.36363636363636,41.666666666666664
1780,17.5,10.256410256410255,15.0
1781,10.909090909090908,7.4074074074074066,10.909090909090908
1782,0.0,0.0,0.0
1783,40.0,28.57142857142857,40.0
1784,26.666666666666668,14.285714285714288,20.0
1785,0.0,0.0,0.0
1786,12.90322580645161,0.0,12.90322580645161
1787,6.896551724137931,0.0,5.172413793103448
1788,10.526315789473685,0.0,7.017543859649124
1789,15.09433962264151,3.9215686274509802,15.09433962264151
1790,19.35483870967742,0.0,17.20430107526882
1791,20.0,11.11111111111111,20.0
1792,27.586206896551722,17.857142857142854,17.241379310344826
1793,18.181818181818183,0.0,13.636363636363635
1794,12.389380530973451,5.405405405405405,10.619469026548673
1795,53.125,25.80645161290323,31.25
1796,11.666666666666666,1.694915254237288,8.333333333333332
1797,5.0,0.0,5.0
1798,5.194805194805195,0.0,5.194805194805195
1799,19.51219512195122,17.5,17.073170731707314
1800,9.836065573770494,0.0,9.836065573770494
1801,10.90909090909091,0.0,7.2727272727272725
1802,21.62162162162162,0.0,21.62162162162162
1803,22.535211267605636,5.797101449275362,11.267605633802818
1804,13.223140495867765,5.042016806722689,9.917355371900827
1805,9.374999999999998,3.1746031746031744,7.812499999999998
1806,12.903225806451612,0.0,12.903225806451612
1807,4.878048780487805,0.0,4.878048780487805
1808,35.8974358974359,16.216216216216214,30.769230769230766
1809,17.910447761194025,3.076923076923077,17.910447761194025
1810,16.0,0.0,12.0
1811,17.39130434782609,0.0,17.39130434782609
1812,11.11111111111111,0.0,11.11111111111111
1813,5.88235294117647,0.0,5.88235294117647
1814,35.8974358974359,10.81081081081081,25.641025641025646
1815,14.285714285714285,0.0,14.285714285714285
1816,6.06060606060606,0.0,6.06060606060606
1817,9.195402298850574,4.705882352941176,6.896551724137931
1818,8.88888888888889,4.651162790697675,8.88888888888889
1819,6.802721088435375,4.137931034482759,6.802721088435375
1820,13.114754098360656,10.0,11.475409836065573
1821,35.714285714285715,7.692307692307692,21.428571428571427
1822,57.14285714285714,21.05263157894737,38.0952380952381
1823,0.0,0.0,0.0
1824,8.695652173913043,0.0,8.695652173913043
1825,19.51219512195122,5.128205128205128,19.51219512195122
1826,29.213483146067414,6.896551724137931,22.47191011235955
1827,28.571428571428577,5.0,19.04761904761905
1828,27.586206896551722,7.4074074074074066,20.689655172413794
1829,33.33333333333333,18.181818181818183,33.33333333333333
1830,6.299212598425196,3.2000000000000006,6.299212598425196
1831,26.865671641791046,12.307692307692307,20.8955223880597
1832,18.604651162790695,4.878048780487805,13.95348837209302
1833,10.16949152542373,3.508771929824562,6.779661016949152
1834,38.09523809523809,10.526315789473681,38.09523809523809
1835,4.166666666666666,0.0,4.166666666666666
1836,24.000000000000004,8.695652173913041,24.000000000000004
1837,6.185567010309278,0.0,4.123711340206185
1838,16.393442622950822,0.0,13.11475409836066
1839,20.338983050847457,7.017543859649122,16.949152542372882
1840,10.989010989010989,2.247191011235955,10.989010989010989
1841,0.0,0.0,0.0
1842,15.625,3.225806451612903,12.5
1843,17.39130434782609,9.523809523809524,17.39130434782609
1844,25.806451612903224,6.896551724137932,25.806451612903224
1845,14.705882352941174,4.477611940298508,11.764705882352942
1846,50.0,13.333333333333334,37.49999999999999
1847,13.793103448275865,0.0,13.793103448275865
1848,0.0,0.0,0.0
1849,10.526315789473685,3.571428571428572,8.771929824561404
1850,35.714285714285715,11.11111111111111,25.0
1851,11.904761904761907,7.3170731707317085,11.904761904761907
1852,6.666666666666668,0.0,6.666666666666668
1853,4.651162790697675,0.0,4.651162790697675
1854,14.285714285714285,11.11111111111111,14.285714285714285
1855,17.54385964912281,3.6363636363636362,17.54385964912281
1856,37.5,26.666666666666668,37.5
1857,29.629629629629633,16.0,22.222222222222225
1858,26.53061224489796,12.5,26.53061224489796
1859,38.70967741935483,13.333333333333334,22.580645161290324
1860,0.0,0.0,0.0
1861,15.0,10.526315789473683,15.0
1862,15.686274509803921,4.081632653061225,15.686274509803921
1863,6.896551724137931,1.7543859649122806,6.896551724137931
1864,26.08695652173913,0.0,17.39130434782609
1865,14.814814814814813,0.0,11.11111111111111
1866,20.0,0.0,20.0
1867,27.27272727272727,10.0,27.27272727272727
1868,17.391304347826086,0.0,17.391304347826086
1869,20.51282051282051,1.7391304347826086,17.094017094017094
1870,5.128205128205128,0.0,5.128205128205128
1871,20.45454545454545,4.651162790697675,11.363636363636363
1872,32.94117647058823,0.0,23.529411764705884
1873,13.333333333333334,0.0,13.333333333333334
1874,13.636363636363635,4.761904761904762,9.090909090909092
1875,11.76470588235294,0.0,11.76470588235294
